-- MySQL dump 10.13  Distrib 8.0.42, for Linux (x86_64)
--
-- Host: localhost    Database: farmacia
-- ------------------------------------------------------
-- Server version	8.0.42-0ubuntu0.22.04.1

/*!40101 SET @OLD_CHARACTER_SET_CLIENT=@@CHARACTER_SET_CLIENT */;
/*!40101 SET @OLD_CHARACTER_SET_RESULTS=@@CHARACTER_SET_RESULTS */;
/*!40101 SET @OLD_COLLATION_CONNECTION=@@COLLATION_CONNECTION */;
/*!50503 SET NAMES utf8mb4 */;
/*!40103 SET @OLD_TIME_ZONE=@@TIME_ZONE */;
/*!40103 SET TIME_ZONE='+00:00' */;
/*!40014 SET @OLD_UNIQUE_CHECKS=@@UNIQUE_CHECKS, UNIQUE_CHECKS=0 */;
/*!40014 SET @OLD_FOREIGN_KEY_CHECKS=@@FOREIGN_KEY_CHECKS, FOREIGN_KEY_CHECKS=0 */;
/*!40101 SET @OLD_SQL_MODE=@@SQL_MODE, SQL_MODE='NO_AUTO_VALUE_ON_ZERO' */;
/*!40111 SET @OLD_SQL_NOTES=@@SQL_NOTES, SQL_NOTES=0 */;

--
-- Table structure for table `cliente`
--

DROP TABLE IF EXISTS `cliente`;
/*!40101 SET @saved_cs_client     = @@character_set_client */;
/*!50503 SET character_set_client = utf8mb4 */;
CREATE TABLE `cliente` (
  `id` int NOT NULL AUTO_INCREMENT,
  `fname` varchar(100) NOT NULL,
  `lname` varchar(100) NOT NULL,
  `email` varchar(150) NOT NULL,
  `gender` enum('M','F') DEFAULT NULL,
  `password` varchar(50) NOT NULL,
  PRIMARY KEY (`id`)
) ENGINE=InnoDB AUTO_INCREMENT=818 DEFAULT CHARSET=utf8mb4 COLLATE=utf8mb4_0900_ai_ci;
/*!40101 SET character_set_client = @saved_cs_client */;

--
-- Dumping data for table `cliente`
--

LOCK TABLES `cliente` WRITE;
/*!40000 ALTER TABLE `cliente` DISABLE KEYS */;
INSERT INTO `cliente` VALUES (1,'Ariadne','Sadat','asadat0@umn.edu','F','eX1~8U}B'),(2,'Colin','Parramore','cparramore1@indiegogo.com','M','lE2%urcU\'ZDKiVE'),(3,'Colene','Witz','cwitz2@princeton.edu','F','qI3&Y`u0An*l/9u'),(4,'Herold','Rhodes','hrhodes3@squarespace.com','M','mS3?E6b(O|jqr3<Y'),(5,'Michaella','Beckworth','mbeckworth4@java.com','F','yJ6\"\'\'O$'),(6,'Pepillo','Jewes','pjewes5@shinystat.com','M','pV1@)CIAF&'),(7,'Desdemona','Gatherer','dgatherer6@canalblog.com','F','pL2\'=Pv_p'),(8,'Caddric','Assiratti','cassiratti7@state.gov','M','bH1\'S9)4D&L'),(9,'Ursola','Peet','upeet8@seattletimes.com','F','mV8#cUbyU*G'),(10,'Beaufort','Leirmonth','bleirmonth9@microsoft.com','M','iQ0,R@4'),(11,'Elvyn','Lemm','elemma@arstechnica.com','M','tW7/~?hLXc7)S3sO'),(12,'Corilla','Klausewitz','cklausewitzb@creativecommons.org','F','wO7_*{,V'),(13,'Berny','Dudeney','bdudeneyc@howstuffworks.com','M','aS9_uJ=9h0brp?Y%'),(14,'June','Leggat','jleggatd@elegantthemes.com','F','wP1)4%3Gvu0oX'),(15,'Bella','Lydden','blyddene@friendfeed.com','F','lX2&3&aq('),(16,'Cinderella','O\'Noulane','conoulanef@instagram.com','F','sM4$=IYR,J'),(17,'Randal','Gillitt','rgillittg@symantec.com','M','nT9.A46t.P4zH}7'),(18,'Charmaine','Barrs','cbarrsh@yahoo.com','F','cP8%>CL*<di(1Liy'),(19,'Melany','Rigolle','mrigollei@nih.gov','F','oU5#}x_m4G,jpX#r'),(20,'Hollie','Lydall','hlydallj@ycombinator.com','F','pZ1$r(,m\"{'),(21,'Kirby','Kunkler','kkunklerk@yandex.ru','F','xV1%GEpLxL~IOd*w'),(22,'Ado','Eldrid','aeldridl@vk.com','M','dV9/)p/SB7'),(23,'Dylan','Saylor','dsaylorm@hatena.ne.jp','M','nD7\"ckGV32%8Q'),(24,'Starlene','Antic','santicn@youtube.com','F','wP2?+iW\"i'),(25,'Celle','Aspinall','caspinallo@myspace.com','F','zP8$F!/azb'),(26,'Geno','Gwinnel','ggwinnelp@yelp.com','M','wG7,VEOe@|eip'),(27,'Bethanne','Upjohn','bupjohnq@php.net','F','gJ2&wPILD,j'),(28,'Reinaldos','Collinette','rcollinetter@bloglovin.com','M','sR7~6/o(=<1<#'),(29,'Diana','Timlin','dtimlins@ca.gov','F','oL9/C>7qG$c(b'),(30,'Cynde','Gaven','cgavent@paypal.com','F','jF9Oq*_8udb'),(31,'Irving','Brisker','ibriskeru@sfgate.com','M','vQ8`)wJ('),(32,'Vinni','Weeke','vweekev@discuz.net','F','xU2|SC>6jjyN9~D'),(33,'Rubia','Walter','rwalterw@yale.edu','F','wT8>3Fg|oC'),(34,'Ilise','Stansby','istansbyx@gmpg.org','F','aT3(OIWYdk}m'),(35,'Krystal','McKenny','kmckennyy@hatena.ne.jp','F','nH2,Ege%aS'),(36,'Gare','Haug','ghaugz@cdbaby.com','M','fZ5$fnvBZ*9/h/5Z'),(37,'Roze','Whayman','rwhayman10@java.com','F','oO1/S`3>zxAk1'),(38,'Vale','Bockings','vbockings11@constantcontact.com','F','lM4(V%}2X.eAJxv'),(39,'Taber','Lestrange','tlestrange12@yahoo.co.jp','M','dQ8/<DuR2B>O,'),(40,'Lek','Towers','ltowers13@census.gov','M','kU6,DsT@T'),(41,'Wilone','Wakelam','wwakelam14@istockphoto.com','F','kI5\"\"(fapJ6'),(42,'Eleni','Mouncey','emouncey15@ibm.com','F','pC5!,*,T_&cv'),(43,'Waiter','Bovaird','wbovaird16@geocities.com','M','sT4!=ySeZz@I$'),(44,'Corenda','Tullot','ctullot17@dell.com','F','kF7|}\\_+w*)AVR9)'),(45,'Rianon','Flynn','rflynn18@nydailynews.com','F','tM4$gkB)oHB'),(46,'Jeno','Ivanchov','jivanchov19@cyberchimps.com','M','xC5|m)Jzvlh\"f'),(47,'Gerrie','MacGarrity','gmacgarrity1a@nifty.com','F','pQ9<TzCH`prD<'),(48,'Eba','Romayn','eromayn1b@who.int','F','kV2$!Gc8?Ux'),(49,'Ermentrude','Scamal','escamal1c@nih.gov','F','gQ4%I9ZyUju'),(50,'Katalin','Betchley','kbetchley1d@apache.org','F','fA7jfSkgR84Erfe'),(51,'Jenelle','Attenbrough','jattenbrough1e@tumblr.com','F','iM2*|EdK!A<|'),(52,'Reinhold','Krysztofowicz','rkrysztofowicz1f@bluehost.com','M','uR9/Xt&b'),(53,'Kylynn','Berth','kberth1g@etsy.com','F','zN1>(I(&!K3OGF'),(54,'Grantham','Matushevitz','gmatushevitz1h@w3.org','M','gM0{>DC8'),(55,'Jana','Sidwell','jsidwell1i@homestead.com','F','eN8=%,QY5X~/'),(56,'Keane','Plimmer','kplimmer1j@nps.gov','M','hQ7.KxA\'f#H@6F'),(57,'Shina','Maggi','smaggi1k@house.gov','F','qT3(RaD(*DcB\'H0Y'),(58,'Lanni','Tocknell','ltocknell1l@ocn.ne.jp','F','wO0\"9>0QdbjOt?K'),(59,'Anderea','Marconi','amarconi1m@bloomberg.com','F','yY5)I>s?ER5,|at'),(60,'Tillie','Suffe','tsuffe1n@omniture.com','F','oB5@rO!W2F\''),(61,'Quinta','Phizackerly','qphizackerly1o@parallels.com','F','uM6|Qb4|9|`@Q'),(62,'Marylou','Lawty','mlawty1p@1und1.de','F','xQ7`RGi%+ZOR'),(63,'Caty','Paolillo','cpaolillo1q@hatena.ne.jp','F','mO8#(p}ZYzw'),(64,'Lorette','Nolli','lnolli1r@craigslist.org','F','dV4`fxW{sacd'),(65,'Sela','Nye','snye1s@wikia.com','F','bU0!@<l%~'),(66,'Bernarr','Nozzolii','bnozzolii1t@cyberchimps.com','M','cO6.p1>2H#<8'),(67,'Clementia','Goddard','cgoddard1u@wikia.com','F','dT8~.+1qsJ#|u&`'),(68,'Clark','MacConnal','cmacconnal1v@histats.com','M','jP4)SAV\"kL\'?Bg'),(69,'Jazmin','Collacombe','jcollacombe1w@wikia.com','F','nM9/6`t\''),(70,'Fayth','McFarland','fmcfarland1x@hexun.com','F','nK0`vz,'),(71,'Lonna','Filewood','lfilewood1y@mysql.com','F','iJ6,DhK>*N&,W(\"d'),(72,'Bengt','Anfonsi','banfonsi1z@independent.co.uk','M','xK2/iDBR3+<'),(73,'Beryle','McCann','bmccann20@odnoklassniki.ru','F','tV4<qYB(0DmP9'),(74,'Melisenda','Tavener','mtavener21@webeden.co.uk','F','bB1+tEQN.C'),(75,'Mab','Dorgon','mdorgon22@apple.com','F','gI4N\"{,hdC'),(76,'Toddie','Highwood','thighwood23@fda.gov','M','zB2,?*p?RK'),(77,'Laurie','Dysert','ldysert24@rambler.ru','M','aW1%xQi1`Ke/mGL'),(78,'Garrick','Nelius','gnelius25@mozilla.org','M','mT5{9in8&Bc(3D=J'),(79,'Charlean','Malcher','cmalcher26@kickstarter.com','F','hP2|NN@f?x%'),(80,'Jeana','Thirlwall','jthirlwall27@bigcartel.com','F','wI7$**X&pjl<N~8'),(81,'Franciska','Meaney','fmeaney28@eepurl.com','F','uQ6\'&D9U|J$?'),(82,'Thibaut','Paye','tpaye29@uiuc.edu','M','vA9$rB1>JF'),(83,'Petronella','Le Noire','plenoire2a@msu.edu','F','qW8>bS\ZXD`l'),(84,'Bonnie','Ellerbeck','bellerbeck2b@ucoz.com','F','cE5=kaGU*WfCpGq'),(85,'Yolande','Keward','ykeward2c@yellowpages.com','F','rT2{85J>'),(86,'Albina','Cockayme','acockayme2d@spotify.com','F','rR3{6tcHC0yhrB'),(87,'Derward','Mansuer','dmansuer2e@wikimedia.org','M','uT2%#nDDP#Y`%A'),(88,'Tabbatha','Undrill','tundrill2f@bravesites.com','F','lM7|6&GO'),(89,'Durand','Spinnace','dspinnace2g@blogspot.com','M','iJ7%OLIP}Xp&ua'),(90,'Pyotr','Androsik','pandrosik2h@flickr.com','M','lQ6,T)+gTHBI'),(91,'Danella','Dallin','ddallin2i@elpais.com','F','kH8`Os__n?m'),(92,'Tedra','Piatkowski','tpiatkowski2j@tinypic.com','F','hO7>Y.%<CaSdgf'),(93,'Hernando','Lavens','hlavens2k@google.es','M','gE9~zuGEnBkB`'),(94,'Annadiana','Joesbury','ajoesbury2l@illinois.edu','F','zQ2(nJ!h`JvjE'),(95,'Andie','Hinckesman','ahinckesman2m@omniture.com','M','tQ8+Ub~+Xh'),(96,'Nolly','Hawgood','nhawgood2n@uiuc.edu','M','kF4,G)1/1n'),(97,'Jone','Hould','jhould2o@flavors.me','M','iY1)e=<DGn,t'),(98,'Ellery','Bladder','ebladder2p@histats.com','M','vH7#&0!$'),(99,'Cathleen','Timberlake','ctimberlake2q@china.com.cn','F','vX1%~*2<\'T}~\'vj'),(100,'Sergio','Pavier','spavier2r@google.com.au','M','eA5&/Y2,Sj#Ke(K'),(101,'Marena','Gartell','mgartell2s@hibu.com','F','lC6%%AP6Q'),(102,'Kara-lynn','Aimeric','kaimeric2t@dailymotion.com','F','tT9/}w?tl_jod}6'),(103,'Ira','Tidmarsh','itidmarsh2u@jugem.jp','F','cL1?7Zc2Z%b{'),(104,'North','Vice','nvice2v@census.gov','M','zZ0.l\'/IM{~4Ul'),(105,'Isidro','Siegertsz','isiegertsz2w@spiegel.de','M','zJ9!o}k0T(7R'),(106,'Ty','Keyden','tkeyden2x@chron.com','M','yM6>WwXuqB\'q'),(107,'Stanislaus','MacKilroe','smackilroe2y@sciencedirect.com','M','aM3&*yh0f\'/'),(108,'Amy','Dartnell','adartnell2z@mysql.com','F','wF4{Wrde\'W'),(109,'Carlie','Melross','cmelross30@deviantart.com','M','uB5I13?<je8z'),(110,'Rivi','Gamwell','rgamwell31@slate.com','F','gY7\'6dCed{v'),(111,'Juliane','Duckit','jduckit32@woothemes.com','F','eI1*>`_2XcSRmwW'),(112,'Eberhard','Rastall','erastall33@businesswire.com','M','kM1\"$LQv)fQp3K'),(113,'Hew','Baudinot','hbaudinot34@cbslocal.com','M','lG3G*hPt@AUKzct'),(114,'Alwin','Landsman','alandsman35@trellian.com','M','pH8`qd5B*ljhbBdz'),(115,'Byrom','Ortiger','bortiger36@cdc.gov','M','vS0<jL_{ztGZK'),(116,'Roddy','Currington','rcurrington37@fastcompany.com','M','cY2_Y=,V{p2Zs2?'),(117,'Emmerich','Lorrain','elorrain38@adobe.com','M','rT7*K+XIcRIjl'),(118,'Danny','Donegan','ddonegan39@mail.ru','M','pZ2mjfNk<dq0fUE'),(119,'Janelle','Valenta','jvalenta3a@about.com','F','oF7=xaJu>Qw4b'),(120,'Gav','Muneely','gmuneely3b@bloglovin.com','M','hD6)fLzWG'),(121,'Elisa','Roseman','eroseman3c@independent.co.uk','F','qO2=OPc$<'),(122,'Shaine','Edel','sedel3d@samsung.com','M','iL1=k}qVo'),(123,'Trip','Kingsman','tkingsman3e@businesswire.com','M','iJ0`f9X6'),(124,'Casey','Bowring','cbowring3f@scribd.com','F','eL1<FN}QC3K'),(125,'Dud','Ciciura','dciciura3g@tiny.cc','M','cJ6>%2zJYO<um9'),(126,'Vanessa','Islip','vislip3h@businessinsider.com','F','cB4*4rs{xH'),(127,'Elizabet','Brickhill','ebrickhill3i@tinyurl.com','F','hX5@q9QbSu`P,'),(128,'Heddi','Wooding','hwooding3j@abc.net.au','F','qV4}/rqa3>>lO${'),(129,'Louie','Gaynes','lgaynes3k@slate.com','M','lH5$8Wd%pVs|Y,Ea'),(130,'Paloma','Harmes','pharmes3l@nifty.com','F','hS9(_Ij\'<y`(f'),(131,'Erie','Figgs','efiggs3m@linkedin.com','M','hG9#7woW'),(132,'Marjory','Skeen','mskeen3n@discovery.com','F','rI8)NT\"yp2F8Qm'),(133,'Velvet','Durrett','vdurrett3o@virginia.edu','F','uU4@%s4nqBg5~,&O'),(134,'Baldwin','Skirving','bskirving3p@va.gov','M','qG4#9&.xC?zVo8$'),(135,'Franklin','Riddles','friddles3q@unblog.fr','M','wR2\'\'rvT>'),(136,'Marin','Trevett','mtrevett3r@google.fr','F','cX7/@3Ll$'),(137,'Derick','Saylor','dsaylor3s@printfriendly.com','M','uF3\'}WvK9'),(138,'Kasper','Ogilvie','kogilvie3t@sogou.com','M','oD2$\"HqgeiiZ4<'),(139,'Bowie','Speerman','bspeerman3u@hud.gov','M','rB2#6Zx9JhgHmYP'),(140,'Joscelin','Dorgan','jdorgan3v@yellowpages.com','F','xM8`w`tbXMIYF'),(141,'Benedict','Kalvin','bkalvin3w@berkeley.edu','M','fP8<&B\"tca8&F'),(142,'Fairfax','Spight','fspight3x@hibu.com','M','iL7`GgKr/R\'I*,'),(143,'Chris','Temporal','ctemporal3y@businesswire.com','F','pY4`eNkXg4Bq'),(144,'Wadsworth','Wittrington','wwittrington3z@yahoo.com','M','dQ7~n>yvYd>oI'),(145,'Raddie','Kildale','rkildale4c@netlog.com','M','hP2@MoEHwF{afDJQ'),(146,'Giovanna','Aslet','gaslet4d@opensource.org','F','wC4+)2g>x<z6Z@oK'),(147,'Glen','Cready','gcready4e@uol.com.br','F','hK3@`pA%n'),(148,'Gisella','Kingcott','gkingcott4f@digg.com','F','vK0!nu.flx{Zw'),(149,'Nigel','Bryant','nbryant4g@feedburner.com','M','rW7>@whT3y'),(150,'Jo','Androck','jandrock4h@indiegogo.com','M','bH1_cY.8'),(151,'Vevay','Hubbuck','vhubbuck4i@facebook.com','F','lX8,8p0F'),(152,'Eleni','Margeram','emargeram4j@npr.org','F','sT3)*5T~!0r'),(153,'Evin','Vossing','evossing4k@google.fr','M','tR8%Z8rdn\"\"N%1E6'),(154,'Tudor','Copozio','tcopozio4l@alexa.com','M','bR3*olHP(Cb'),(155,'Dayna','Fleetham','dfleetham4m@rediff.com','F','nG5=e65&j\'z4P\'ba'),(156,'Turner','Aviss','taviss4n@si.edu','M','mX5!1`r,g7TB'),(157,'Lennie','Lyttle','llyttle4o@cam.ac.uk','M','fO5@nt$(hP+3B'),(158,'Kirstyn','Harbin','kharbin4p@examiner.com','F','lU0*0iPQ'),(159,'Raimund','McGregor','rmcgregor4q@virginia.edu','M','eW1(=3ncI/HPH'),(160,'Forrester','Rendall','frendall4r@abc.net.au','M','iR8$az$B<x'),(161,'Christophe','Fain','cfain4s@dropbox.com','M','nS2.R\"8DfvRg'),(162,'Tommy','Roylance','troylance4t@t-online.de','M','zI6}C$TK&V3_'),(163,'Murry','Fernao','mfernao4u@sciencedaily.com','M','rK9,r4Z|1>'),(164,'Chevalier','Pescott','cpescott4v@list-manage.com','M','jA2_d3VX{ucVbhN'),(165,'Atlante','Westbrook','awestbrook4w@cnet.com','F','tI9*n@CAj'),(166,'Adaline','Verlander','averlander4x@nsw.gov.au','F','eW0#QN)KBbh|@y'),(167,'Lilith','Simchenko','lsimchenko4y@statcounter.com','F','qQ4|,U0T(4ZtOx08'),(168,'Nathanael','Nappin','nnappin4z@hugedomains.com','M','sX6*UWF\'=L'),(169,'Dorie','Bussel','dbussel50@hp.com','F','mK4FD\'v24+v{`H'),(170,'Emlynn','Stenbridge','estenbridge51@apache.org','F','eN7@OE17Dm7'),(171,'Lynde','Sydes','lsydes52@sciencedaily.com','F','uN7=z6,tYn7'),(172,'Eryn','Smewin','esmewin53@skype.com','F','bL8|6L.6'),(173,'Garland','Ozintsev','gozintsev54@hostgator.com','F','fY9*YdQClgqz,D{'),(174,'Westleigh','Quaif','wquaif55@jimdo.com','M','eW2#zZXgDlk*X~X'),(175,'Franky','Saffrin','fsaffrin56@creativecommons.org','F','nG1.GEDl'),(176,'Yalonda','Chaim','ychaim57@addthis.com','F','vF1==*6fMcbVw'),(177,'Stinky','Pionter','spionter58@tamu.edu','M','tE1.L/gKr?s~!'),(178,'Prescott','Timmens','ptimmens59@godaddy.com','M','uB4#4sjFrn8/N=G~'),(179,'Vin','Van Der Walt','vvanderwalt5a@oakley.com','M','uF6`*I2\''),(180,'Travers','Riordan','triordan5b@merriam-webster.com','M','pH4`glCY\"r_a'),(181,'Mela','Suller','msuller6j@sciencedirect.com','F','xS9@kRb$z'),(182,'Rube','Shieldon','rshieldon6k@vistaprint.com','M','jX0$iju|Ezqgc'),(183,'Lisbeth','Eagling','leagling6l@flavors.me','F','rJ4@Z@z)>Tw&'),(184,'Stephanus','Wakely','swakely6m@drupal.org','M','qS8!&g0*J8{?er'),(185,'Regina','Thomen','rthomen6n@reverbnation.com','F','cL4{wv_EY&_'),(186,'Noelle','Wasson','nwasson6o@shutterfly.com','F','dX9_AC|faPw\"zjw'),(187,'Peta','Pozer','ppozer7a@un.org','F','sT7!aCtSS'),(188,'Winn','Bydaway','wbydaway7b@ucoz.com','M','oC2,(J&$Ju/D'),(189,'Moshe','Kaufman','mkaufman7c@addtoany.com','M','gC0_\'_.Q_'),(190,'Misti','De Haven','mdehaven7d@shareasale.com','F','tS9Y5gST'),(191,'Ellerey','McGready','emcgready7e@blogs.com','M','tY4@Noukx1@y3\"a'),(192,'Mattias','Goseling','mgoseling7f@weather.com','M','lW4/xoxY'),(193,'Allyce','Dobrowski','adobrowski7g@mapquest.com','F','dB3{Y!0uLuxWRh'),(194,'Hedi','Kiffin','hkiffin7h@fastcompany.com','F','mQ6\"s#JW23*qU~'),(195,'Myer','Wickes','mwickes7i@amazon.co.uk','M','fE13C\"C&9%Oj(+'),(196,'Tatiania','Le Conte','tleconte7j@indiatimes.com','F','yE8+9.%2U5#k'),(197,'Greta','Cuttle','gcuttle7k@mit.edu','F','kS8&$x8,*8Dv'),(198,'Jane','Skells','jskells7l@odnoklassniki.ru','F','vR7u\'UK'),(199,'Kellen','Souster','ksouster7m@amazon.com','F','mH0_G{N,Y'),(200,'Carol','Tuckerman','ctuckerman7n@ucsd.edu','F','aJ4_a<SC>RprQ'),(201,'Chicky','Halward','chalward7o@java.com','F','hH0}PAn_gP'),(202,'Jeromy','Cordingly','jcordingly7p@etsy.com','M','aT6(bhp8jyeni'),(203,'Pauli','Ingleson','pingleson7q@nhs.uk','F','eZ0=?BxqYw1*'),(204,'Candra','Stot','cstot7r@cnn.com','F','kH6dqb7(s'),(205,'Sonny','Ahmed','sahmed7s@bloglines.com','M','oG5.+F7+`Fz|I_+'),(206,'Jay','Yakobovicz','jyakobovicz7t@yellowbook.com','M','fA7%=I?s#?nj'),(207,'Wilton','Pilfold','wpilfold7u@prlog.org','M','rL5?whNH<o'),(208,'Garold','Faragan','gfaragan7v@facebook.com','M','wI9\'{znI4w3'),(209,'Filide','Ballinghall','fballinghall7w@ibm.com','F','sU7#hQb??'),(210,'Francklin','Dunlop','fdunlop7x@bravesites.com','M','gE2*Q=5dfzt'),(211,'Tudor','Shynn','tshynn7y@woothemes.com','M','wX1=f@Q_'),(212,'Andy','Stannard','astannard7z@unc.edu','M','kW3<V+y1V7T1TgBD'),(213,'Merola','Schulke','mschulke80@elegantthemes.com','F','yX0)B0>Ei/_KQh'),(214,'Winfred','Gapper','wgapper81@slideshare.net','M','jL2=={|M'),(215,'Cammy','Emmerson','cemmerson82@alexa.com','M','rW0(}rbFxZk.Cq'),(216,'Haven','Bachellier','hbachellier83@gizmodo.com','M','hS3|?%6y(TS|HhK8'),(217,'Bing','Mapplebeck','bmapplebeck84@topsy.com','M','sA0!9}W\'@$#K'),(218,'Sayre','Lampe','slampe85@loc.gov','M','cD4_zgE8f!C,'),(219,'Norman','McLean','nmclean86@washington.edu','M','iC9%ySm8GR6Q)zo'),(220,'Joela','Parramore','jparramore87@bigcartel.com','F','jV3|uVN8peh<'),(221,'Sim','Shorey','sshorey88@shutterfly.com','M','lP6*o)*6L85yA'),(222,'Jenna','Sandifer','jsandifer89@tmall.com','F','iN5#X~\"vXck'),(223,'Lorry','Mompesson','lmompesson8a@japanpost.jp','F','gG3~%|txN|m@@FFD'),(224,'Talia','Ugolini','tugolini8b@google.cn','F','fR9?N`PPGgSnB5'),(225,'Daisey','Handover','dhandover8c@webs.com','F','lT9@)(+4O/i(M\"'),(226,'Tersina','Clemencet','tclemencet8d@ibm.com','F','pV3|NSEycdX9n+\''),(227,'Tan','Giottoi','tgiottoi8e@buzzfeed.com','M','lH8?!=EGEGV=z6'),(228,'Belicia','Twamley','btwamley8f@furl.net','F','oI3>h>Daf\"TsH'),(229,'Gunar','Abyss','gabyss8g@thetimes.co.uk','M','tK1)QT=EAsLf3n&'),(230,'Othello','Geddis','ogeddis8h@opensource.org','M','tV3#d<o}{r2HZo'),(231,'Tuckie','Heintsch','theintsch8i@unblog.fr','M','fT1<#7|Q6}'),(232,'Danell','Lafay','dlafay8j@ft.com','F','dW2$u7(1EU'),(233,'Isak','Tunnicliffe','itunnicliffe8k@census.gov','M','sK8?c.i83<Bv'),(234,'Auguste','Mughal','amughal8l@reuters.com','F','uS0)?@XDFIF'),(235,'Andriana','Ryce','aryce8m@tinypic.com','F','gY1|M3C,jpM'),(236,'Isidora','Deedes','ideedes8n@drupal.org','F','bN1~srOA'),(237,'Tabor','Herety','therety8o@cisco.com','M','rP3.$w5k'),(238,'Curtis','Baish','cbaish8p@ustream.tv','M','jA5@Qnm8'),(239,'Ricoriki','Dowyer','rdowyer8q@digg.com','M','qR4.a1*H'),(240,'Andromache','Rayhill','arayhill8r@telegraph.co.uk','F','rD7`Pu|#nYer'),(241,'Sawyer','Julian','sjulian8s@tinypic.com','M','eA2`GGL\">mo\''),(242,'Vivien','Arrundale','varrundale8t@delicious.com','F','rN5?2i!l=qNl'),(243,'Cornie','Carren','ccarren8u@yelp.com','F','bK2/77/PA'),(244,'Nathaniel','Taggett','ntaggett8v@springer.com','M','eA2(d@3oo0?'),(245,'Letti','Hathway','lhathway8w@jalbum.net','F','pQ5$h%9.0'),(246,'Bria','Wear','bwear8x@bloomberg.com','F','nR9*qo~R*jqVZ9'),(247,'Vivyanne','Penlington','vpenlington8y@foxnews.com','F','hM5<YzZxA>s3}1|p'),(248,'Jens','Hamman','jhamman8z@seattletimes.com','M','sX9@%YV,X'),(249,'Bamby','Readings','breadings90@newsvine.com','F','xL7@<k.!ok'),(250,'Georg','Davies','gdavies91@smugmug.com','M','iR1\'n6I=$'),(251,'Cullen','Spreckley','cspreckley92@squidoo.com','M','zF2=ZX|ffb<'),(252,'Hannie','Doerrling','hdoerrling93@pagesperso-orange.fr','F','xV7})dNLm6?lh~Q9'),(253,'Onfre','Ellen','oellen94@netvibes.com','M','uE0@%eU!nuI,M'),(254,'Donnamarie','Currer','dcurrer95@dedecms.com','F','tP3%30(X%'),(255,'Edee','Mountain','emountain96@howstuffworks.com','F','dU6#GN9o9Ec7'),(256,'Zuzana','Staniford','zstaniford97@omniture.com','F','rP4=7eNfWV{oyL'),(257,'Gibby','Graffham','ggraffham98@wufoo.com','M','nO4|B@kK(jZR'),(258,'Joshuah','Shallcroff','jshallcroff99@twitpic.com','M','uO7`19Zuo%c'),(259,'Regan','Blakeney','rblakeney9a@usda.gov','F','xV2O=`4x'),(260,'Andrew','Drennan','adrennan9b@dmoz.org','M','uW9MULnII#=/W)'),(261,'Rina','Jodlkowski','rjodlkowski9c@sun.com','F','cP2@lCZI\"0dr'),(262,'Cheslie','Lingley','clingley9d@vimeo.com','F','zO4,<JY=GX5.}M'),(263,'Florence','Duncklee','fduncklee9e@google.fr','F','eG5}<Fi!`R'),(264,'Gratia','McLauchlin','gmclauchlin9f@bluehost.com','F','aB1&6\'eE>suao&'),(265,'Melody','Darrington','mdarrington9g@theglobeandmail.com','F','mB0=*f%tYu6z!(1W'),(266,'Jeniece','Klulisek','jklulisek9h@va.gov','F','jJ9\'=IX+`,g%erPr'),(267,'Ray','Spancock','rspancock9i@dion.ne.jp','M','eG0?>U}BzDpxd'),(268,'Reeta','Scandrick','rscandrick9j@spiegel.de','F','eJ7@F%,l7'),(269,'Conroy','McKerrow','cmckerrow9k@jugem.jp','M','zM0~ppv#$%+A!F'),(270,'Loni','Rickesies','lrickesies9l@slideshare.net','F','nO4@3Uzx=<R'),(271,'Friedrich','Resdale','fresdale9m@reuters.com','M','nH5\"W!N)kN`2j'),(272,'Anette','Coathup','acoathup9n@nationalgeographic.com','F','wZ9?c%Q_v,QU/s8'),(273,'Ingeberg','Coulthard','icoulthard9o@addthis.com','F','kJ1_L$#e8!~a)oC'),(274,'Valentin','Tatam','vtatam9p@sbwire.com','M','jR0>|k_sx/#g9W_1'),(275,'Chuck','Woollin','cwoollin9q@senate.gov','M','tB0?u_cky8}'),(276,'Sarita','Karlowicz','skarlowicz9r@nytimes.com','F','lE7=|RVl<f`N9AF0'),(277,'Dorolice','Atack','datack9s@gov.uk','F','qQ6(a{y5PnfM4o'),(278,'Ryon','Randlesome','rrandlesome9t@tripadvisor.com','M','mV7$x5RkQX#x?w'),(279,'Laural','Ellard','lellard9u@telegraph.co.uk','F','fR5*\",OxffR\\'),(280,'Tim','Durrand','tdurrand9v@xrea.com','M','uG2/?hsg'),(281,'Leonhard','Valois','lvalois9w@oaic.gov.au','M','xL3)RAt5@H/rrNg{'),(282,'Celinka','Triswell','ctriswell9x@nifty.com','F','eP6`+FG+'),(283,'Cosetta','Boate','cboate9y@twitter.com','F','uI3*.s+#h'),(284,'Penny','Sommers','psommers9z@intel.com','M','dM4~*umNw'),(285,'Janel','Bigland','jbiglanda0@nymag.com','F','uL3),XM,'),(286,'Ethelin','Rigg','erigga1@addtoany.com','F','mJ3}H~O.Rvu\"l'),(287,'Zandra','Rothermel','zrothermela2@nps.gov','F','wB6?\'1+ka#'),(288,'Cicely','Howling','chowlinga3@sitemeter.com','F','cN9*joc0'),(289,'Ted','Burles','tburlesa4@cyberchimps.com','F','kA3)q*xuvSa\"'),(290,'Margareta','Burril','mburrila5@facebook.com','F','qV9,Ly>Aye>cCb~'),(291,'Sara','Armell','sarmella6@zdnet.com','F','hK5e0v9nf'),(292,'Bessie','McKeaveney','bmckeaveneya7@lycos.com','F','qV8|F,kGQs1eR+'),(293,'Godiva','McIlvenny','gmcilvennya8@mit.edu','F','hN8,L0bisB9VAX'),(294,'Kirsten','Baish','kbaisha9@instagram.com','F','vY8>8jPoQcLEW6'),(295,'Hadleigh','Burdis','hburdisaa@boston.com','M','eV8#sr_hI{.xW!'),(296,'Kelley','Lamb-shine','klambshineab@t-online.de','M','eM3\'J!*6HQ2'),(297,'Thomas','Ludl','tludlac@psu.edu','M','lI2.(x#cVU'),(298,'Gare','Bullivent','gbulliventad@wordpress.com','M','pH3{%!L>C102B4'),(299,'Sheela','Murrhardt','smurrhardtae@sina.com.cn','F','kY8|Qjky>BBP*T'),(300,'Burch','Gilhespy','bgilhespyaf@cbslocal.com','M','xG4+dRMW.>7gQV'),(301,'Hagen','Cunliffe','hcunliffeag@vistaprint.com','M','iS0=>23Fb='),(302,'Merrill','Render','mrenderah@printfriendly.com','M','sT5`KMU}F1~unXq'),(303,'Hedda','Jan','hjanai@liveinternet.ru','F','nK0>W/r0n!NH'),(304,'Gerrard','McGaffey','gmcgaffeyaj@godaddy.com','M','rJ1()Eb+VI1e_`!'),(305,'Farr','Barrett','fbarrettak@networkadvertising.org','M','gN8}R2?eU1'),(306,'Breanne','MacFadzean','bmacfadzeanal@paginegialle.it','F','rR6,jhrs'),(307,'Tamma','Ewens','tewensam@tuttocitta.it','F','tN3.Js8zBsxKtX9L'),(308,'Clem','Garett','cgarettan@sina.com.cn','F','bB0+czSP3/'),(309,'Deloris','Mungane','dmunganeao@topsy.com','F','rH3=N|*C3@'),(310,'Corty','McMichell','cmcmichellap@phpbb.com','M','oT4=+mC#uO8/$'),(311,'Elinor','Hooks','ehooksaq@naver.com','F','xG3#|1%~'),(312,'Kimberley','Moses','kmosesar@themeforest.net','F','gE1,P@o=VNx~GyN'),(313,'Sydney','Wann','swannas@senate.gov','F','pG8\"!.7*$Rv@'),(314,'Menard','Dickerline','mdickerlineat@php.net','M','rD1#PUcO=.'),(315,'Killie','Meates','kmeatesau@issuu.com','M','kK7{@v90uKg'),(316,'Anjanette','Babbe','ababbeav@ibm.com','F','uN6=4&VBV'),(317,'Adan','Edwardson','aedwardsonaw@narod.ru','F','nR9.Ws/rM1#5_d&O'),(318,'Husain','Stillman','hstillmanax@latimes.com','M','jT9@u@NW`&\'IC'),(319,'Dian','Teodori','dteodoriay@miibeian.gov.cn','F','qF2)P3$JZQ3|iN'),(320,'Abbi','Ducket','aducketaz@theatlantic.com','F','sJ7=MBy))IIm57'),(321,'Marline','Lathe','mlatheb0@samsung.com','F','uZ5)nT2.DP'),(322,'Hubie','Grimm','hgrimmb1@shinystat.com','M','jO9$cxhWrW_.GI!'),(323,'Oren','Diegan','odieganb2@economist.com','M','wL8p6|CtH'),(324,'Veradis','Feavearyear','vfeavearyearb3@elegantthemes.com','F','hL7%4UTmRb)NgB'),(325,'Merci','Dine-Hart','mdinehartb4@discovery.com','F','pF1&T5hj&pOBFi_w'),(326,'Shell','MacCoughan','smaccoughanb5@guardian.co.uk','M','kT8_gzZ!'),(327,'Ameline','Walkley','awalkleyb6@netscape.com','F','gX5.cP!R+8p~/XH'),(328,'Alex','Bellingham','abellinghamb7@google.com.br','F','zJ8~_@YU'),(329,'Baryram','Vaneev','bvaneevb8@sciencedirect.com','M','iP7&>ARunu&4>'),(330,'Lesley','Lerohan','llerohanb9@sourceforge.net','F','nG5i${yz}nJq2,'),(331,'Constanta','Pouton','cpoutonba@webmd.com','F','lH3(_\"e!mhj'),(332,'Slade','Tommen','stommenbb@yelp.com','M','eR9#O|LsouZ$~>+'),(333,'Hilario','Pallister','hpallisterbc@diigo.com','M','mX1,sr56)YChTrJ'),(334,'Tansy','Pontefract','tpontefractbd@si.edu','F','fA8/EhH2{LGx*'),(335,'Rici','Geistmann','rgeistmannbe@economist.com','F','fU1|AC86$3yVhxKK'),(336,'Barbee','Cesco','bcescobf@yahoo.co.jp','F','aT6{&Bm|Sj'),(337,'Janetta','Daniaud','jdaniaudbg@gravatar.com','F','zY4{R{?NFWomJ)na'),(338,'Win','Rainville','wrainvillebh@free.fr','M','dB8)iS\"5Y'),(339,'Othilia','Woodham','owoodhambi@yellowpages.com','F','nK1#1``JC/6B'),(340,'Sylvan','Raecroft','sraecroftbj@taobao.com','M','tJ3@`3Z$@z3xoqTQ'),(341,'Lara','Joslow','ljoslowbk@paypal.com','F','eB3/+3r(~'),(342,'Ewan','Flode','eflodebl@vkontakte.ru','M','oU0!e\"tV)'),(343,'Orland','Shelford','oshelfordbm@marriott.com','M','oS8XHPG}&sH'),(344,'Fred','Matzke','fmatzkebn@foxnews.com','M','iH9$8yM1)k#\\TtZ'),(345,'Goldia','Pattrick','gpattrickbo@facebook.com','F','pY1!fPU3(F,}1SD'),(346,'Hillary','Wallach','hwallachbp@youku.com','M','bH6!)(cJC'),(347,'Abby','Gorries','agorriesbq@census.gov','F','sB3*Vy=6,`!'),(348,'Janaye','Sorsby','jsorsbybr@sfgate.com','F','tI7?~2wX%P'),(349,'Nealon','Ianiello','nianiellobs@xing.com','M','rF2&.YS*\"><Lp<'),(350,'Courtnay','Laydon','claydonbt@archive.org','M','wY4*lT.I1/'),(351,'Davon','Dafter','ddafterbu@dyndns.org','M','mJ5{|sT%('),(352,'Shayna','Dobby','sdobbybv@shop-pro.jp','F','sQ2\'QbMA\'tf\'.}N1'),(353,'Zulema','Druitt','zdruittbw@google.com.au','F','dL7@8!pIsV@\'3o'),(354,'Douglas','Palethorpe','dpalethorpebx@quantcast.com','M','gZ5.).Z*6XG'),(355,'Meredith','Laminman','mlaminmanby@fotki.com','M','lJ0%f7%sxEc`'),(356,'Kingsley','Espada','kespadabz@ebay.com','M','kU9)u<I#A=l|'),(357,'Coleman','Hundy','chundyc0@homestead.com','M','jN0=j?Rqd'),(358,'Selena','Trott','strottc1@altervista.org','F','iE3$&\'EGA\'DT'),(359,'Hermann','Menego','hmenegoc2@tripod.com','M','sL0\"&F\'*T+g)!W%G'),(360,'Arturo','Searjeant','asearjeantc3@elpais.com','M','hP9\'}D(Y'),(361,'Hayley','Harvatt','hharvattc4@ftc.gov','F','nP7<a+J`'),(362,'Sonni','Oldknow','soldknowc5@phoca.cz','F','kI8}nEW9XZyLqt'),(363,'Kylie','Paulillo','kpaulilloc6@unicef.org','M','oH2#zw=\"~'),(364,'Tuckie','Urlich','turlichc7@who.int','M','dU2>wys1='),(365,'Gayle','Jacobs','gjacobsc8@ovh.net','F','gP2_H\'B(l'),(366,'Eldon','Ephson','eephsonc9@aboutads.info','M','gE6,P\"D4'),(367,'Lu','Briatt','lbriattca@xrea.com','F','nA7/wS~T=?+TM'),(368,'Marco','Feasey','mfeaseycb@shinystat.com','M','eU2}|{4(\"Jo//'),(369,'Sherrie','Shaudfurth','sshaudfurthcc@mlb.com','F','nC3\"KoI<CV)x'),(370,'Tiffanie','Ilson','tilsoncd@istockphoto.com','F','pL4+i6\"\"b'),(371,'Alejandro','Peatheyjohns','apeatheyjohnsce@fotki.com','M','gK4`/4xESt8`A*>B'),(372,'Harman','Megahey','hmegaheycf@spiegel.de','M','bH6)rUkLNxf5jU,7'),(373,'Hart','Loughren','hloughrencg@1688.com','M','tL6?H=?N1(=6Aw'),(374,'Cecilia','Corgenvin','ccorgenvinch@statcounter.com','F','oN8.\"IYOr*5O&'),(375,'Yvor','Mouser','ymouserci@netvibes.com','M','kX8\'A,%hnuY'),(376,'Mariam','Pamment','mpammentcj@wix.com','F','yP6\'=hu8m'),(377,'Simone','Pagin','spaginck@oaic.gov.au','M','sM2~&h5xy'),(378,'Sidonia','Begwell','sbegwellcl@symantec.com','F','sS5+Nf}E5'),(379,'Mavis','Mehew','mmehewcm@prnewswire.com','F','zX1<{67eg3F&_u8x'),(380,'Noelani','Linfoot','nlinfootcn@tumblr.com','F','lI4*sA0Rg2|1Z'),(381,'Nolly','Antoszewski','nantoszewskico@over-blog.com','M','oF4(g1Hz+p9?G?Ru'),(382,'Joli','Orlton','jorltoncp@gnu.org','F','qF3+P(y@25|7\"8'),(383,'Blakeley','Videneev','bvideneevcq@amazon.de','F','lD7.i`1JSc?d?b'),(384,'Jens','Kidwell','jkidwellcr@tinyurl.com','M','nO5&0%uy113%+3'),(385,'Ulric','Mityushin','umityushincs@google.es','M','uM5/DBAT9OF,\"'),(386,'Timothea','Metheringham','tmetheringhamct@jimdo.com','F','pS5*VG8q&J)|I'),(387,'Eberhard','Rosenstengel','erosenstengelcu@npr.org','M','oN1&|\'Ux?HtG<'),(388,'Christos','Hellwich','chellwichcv@godaddy.com','M','hU9#Ae\'XCJG6ctpg'),(389,'Neddie','Wooderson','nwoodersoncw@sitemeter.com','M','gT7?+GuW_,XJ#'),(390,'Carter','Throssell','cthrossellcx@blogspot.com','M','cA3=\',9xO?hC1u'),(391,'Beulah','Huyhton','bhuyhtoncy@merriam-webster.com','F','kC0+,ZTGjw'),(392,'Jayme','Keppie','jkeppiecz@samsung.com','M','nK7_0\'?fSaNb,t'),(393,'Florie','Dymott','fdymottd0@youku.com','F','tP8_},wQM{uj!Y'),(394,'Randene','Churchman','rchurchmand1@unblog.fr','F','rS9`p/To8/c'),(395,'Lamar','Bolt','lboltd2@ibm.com','M','jA8.n!IWc*=O3eJ5'),(396,'Katherina','Crackett','kcrackettd3@google.es','F','jT7/<%gAo{'),(397,'Lynn','Miche','lmiched4@altervista.org','M','zW0.W7~t6lkw3}i'),(398,'Timmie','Lilleman','tlillemand5@bloglovin.com','M','eR4@D\"CWgq_'),(399,'Vittoria','Guilder','vguilderd6@parallels.com','F','oE7\'9H%O'),(400,'Muire','Swaddle','mswaddled7@google.com.au','F','nL1|@$}>P~5_lO'),(401,'Adler','Lacer','alacerd8@blog.com','M','aS2#BxZ|'),(402,'Joachim','Gowen','jgowend9@wsj.com','M','bQ8|myz=VHDuY<'),(403,'Abram','Silbert','asilbertda@1und1.de','M','lD7?UEW\'z_)'),(404,'Myriam','Getsham','mgetshamdb@weibo.com','F','zE5|,be0N0/!L?U'),(405,'Merrili','Parcell','mparcelldc@google.pl','F','cD6\"=7MH(tD?#Pst'),(406,'Herby','Petracco','hpetraccodd@yahoo.co.jp','M','gT8(F|1!@KSb{)S'),(407,'Michell','Eickhoff','meickhoffde@wordpress.com','F','wG3,x_lb3'),(408,'Alphonse','MacKinnon','amackinnondf@pen.io','M','hR8~jU3O`*'),(409,'Chiquita','Vasyunkin','cvasyunkindg@army.mil','F','jK6/KZMi#mj$/$OG'),(410,'Killie','Luney','kluneydh@cnn.com','M','aJ6>FL<m>qUWO'),(411,'Morie','Dyott','mdyottdi@scientificamerican.com','M','fX7&m\"0bP1*t{/oI'),(412,'Mignonne','Guyer','mguyerdj@opera.com','F','vG0}uK,@4/xik?'),(413,'Winny','Schubbert','wschubbertdk@mail.ru','M','mE9+Qf.fd'),(414,'Koenraad','Peyntue','kpeyntuedl@baidu.com','M','iM0?ARHy@i'),(415,'Hollyanne','Saile','hsailee0@dyndns.org','F','sK6#Xi`=KNvd'),(416,'Valentin','Atherton','vathertone1@people.com.cn','M','cP3*DR|y_ph~(Jp'),(417,'Colby','Stodd','cstodde2@smugmug.com','M','aE7\'S%S%$JowOxg'),(418,'Ives','Domoney','idomoneye3@noaa.gov','M','wD8%)OZ+{'),(419,'Marj','Eadmeades','meadmeadese4@thetimes.co.uk','F','cJ8@($q@{gK2e#3s'),(420,'Ronny','Frankham','rfrankhame5@usgs.gov','F','lY5.WzG*\'&=me'),(421,'Ame','Imison','aimisone6@goo.gl','F','mJ4/d77F+A,U'),(422,'Lenard','Cuvley','lcuvleye7@patch.com','M','gX2\"UgI+S'),(423,'Reggi','Shernock','rshernocke8@latimes.com','F','hI3,IW*T%s6`'),(424,'Ado','Rabb','arabbe9@intel.com','M','iX2`BbiRBd$G71'),(425,'Aigneis','Kleszinski','akleszinskiea@webnode.com','F','xE4).gpRb0\"'),(426,'Madalyn','Leber','mlebereb@uiuc.edu','F','hZ4!7JJF@\'z=~(S'),(427,'Urban','Capsey','ucapseyec@loc.gov','M','dO3<MIG#$%~$n9u'),(428,'Any','Gamlyn','agamlyned@ycombinator.com','M','cZ5+iAY_'),(429,'Ingra','Skipsea','iskipseaee@over-blog.com','M','iR7/>E~53}C'),(430,'Christophe','Tregent','ctregentef@chronoengine.com','M','xL2$dS68)k.8D+'),(431,'Sholom','Flinn','sflinneg@github.io','M','lD7#d<aL|2FO'),(432,'Mella','Carlan','mcarlaneh@whitehouse.gov','F','aS1@PPA#bAo3c='),(433,'Vivie','Calbreath','vcalbreathei@1und1.de','F','aA7\'NDk\''),(434,'Geoffrey','Scotchmor','gscotchmorej@nhs.uk','M','vY9)Z.k+a5'),(435,'Niko','Duckit','nduckitek@biblegateway.com','M','aL9=K+)(5*DA'),(436,'Mildred','Nodin','mnodinel@marketwatch.com','F','nR5*@nr0df9C?'),(437,'Dicky','Strooband','dstroobandem@icq.com','M','wZ2}Qwy,=6NcK'),(438,'Euphemia','Meneyer','emeneyeren@weibo.com','F','sH1>LP~J'),(439,'Brynne','Heeney','bheeneyeo@engadget.com','F','jQ0(vV5s2a'),(440,'Patrice','Northcliffe','pnorthcliffeep@aol.com','M','qU7?hPzV.h'),(441,'Hewie','Pickering','hpickeringeq@ameblo.jp','M','yC9$ai|G4'),(442,'Bourke','Starmont','bstarmonter@businessinsider.com','M','sA6&KI~*}<'),(443,'Ebeneser','Scading','escadinges@google.ca','M','vY7=+&$~sTK<7a=6'),(444,'Eachelle','Bakhrushin','ebakhrushinet@businesswire.com','F','yT9}we%4HW'),(445,'Suzy','Bimson','sbimsoneu@csmonitor.com','F','gB0?EJ1M0'),(446,'Michal','Netley','mnetleyev@timesonline.co.uk','F','eJ5`P+f>66'),(447,'Merline','Hardy','mhardyew@fc2.com','F','wJ3|xa6F%ZQe>1'),(448,'Wilek','Lattos','wlattosex@dmoz.org','M','jV3(=aZsV5N#'),(449,'Tadeo','Jerzak','tjerzakey@msn.com','M','dQ9#ilcJW#'),(450,'Odilia','Gillcrist','ogillcristez@pinterest.com','F','kR2=y/*lW!mbxk'),(451,'Cortie','Cicculini','ccicculinif0@unesco.org','M','eQ2!t1H|evH'),(452,'Baily','Rigmond','brigmondf1@bluehost.com','M','gO1)jYzeZHpwRczO'),(453,'Lauri','Crolly','lcrollyf2@vinaora.com','F','nW3+Q>%&4~0+j'),(454,'Tim','Binstead','tbinsteadf3@tumblr.com','M','iP0_R9cLz+CS2'),(455,'Shelbi','Dubery','sduberyf4@themeforest.net','F','vM0\"MY9y)Kxn<@'),(456,'Beau','Tiron','btironf5@webeden.co.uk','M','hY6%?$(>.htloA'),(457,'Dionis','Willshere','dwillsheref6@imageshack.us','F','tG1/J,(vyI0FD'),(458,'Marcy','Kubera','mkuberaf7@umn.edu','F','yA9,cZHI9,yKvg7'),(459,'Bryna','Elliss','bellissf8@slate.com','F','cG4~3o_n'),(460,'Liesa','Lomath','llomathf9@plala.or.jp','F','cD8=6v%d+I,)D_*3'),(461,'Zelma','McGreary','zmcgrearyfa@sina.com.cn','F','oB2@j4Lz\'('),(462,'Ker','O\'Hartnedy','kohartnedyfb@abc.net.au','M','dW8!M+Lr{x'),(463,'Joella','Broader','jbroaderfc@about.me','F','aT8{5W7\'X#ew'),(464,'Elsa','Lawful','elawfulfd@github.io','F','fV3),A*ln'),(465,'West','Garrett','wgarrettfe@bbc.co.uk','M','oG6`P9!7'),(466,'Lani','Itscowics','litscowicsff@whitehouse.gov','F','rJ0(CD>7'),(467,'Tamra','Markel','tmarkelfg@auda.org.au','F','nK9!Rngc$'),(468,'Karia','Andrault','kandraultfh@photobucket.com','F','xU4_g4\"rGP|AoQ'),(469,'Lidia','Stanners','lstannersfi@dyndns.org','F','dH0(P%5u&\''),(470,'Randi','Jerke','rjerkefj@de.vu','F','eT1*!~=R*xB'),(471,'Mateo','Wildsmith','mwildsmithfk@hud.gov','M','cT3$VjQa5m<o'),(472,'Ebony','Atlee','eatleefl@archive.org','F','jN0@1,\')/&'),(473,'Melisse','Sprigings','msprigingsft@nytimes.com','F','eT3,pBlxr=I'),(474,'Neda','Seyler','nseylerfu@weebly.com','F','pI8,Kgbt_qOXj\"v'),(475,'Gav','Bridgeland','gbridgelandfv@tamu.edu','M','gX8,7YlmE|'),(476,'Tabor','Darracott','tdarracottfw@nymag.com','M','cR6#}VL3<3Gy'),(477,'Parnell','Nerger','pnergerfx@craigslist.org','M','cE58>&aGT(n)tWJ'),(478,'Marci','Van Der Weedenburg','mvanderweedenburgfy@google.nl','F','gN8\"y)}wLIjeKhy%'),(479,'Hastie','Pickring','hpickringfz@studiopress.com','M','gJ0&v+H,X3N'),(480,'Nollie','Sackes','nsackesg0@histats.com','M','mV1)U0CC?%Kly'),(481,'Pat','Kolis','pkolisg1@upenn.edu','F','sO5|pCGf}.ge'),(482,'Amata','Ellam','aellamg2@1und1.de','F','cF5%.WlvhjwS'),(483,'Broddy','Tudball','btudballg3@uiuc.edu','M','eC3%_!<8O\\_A&}'),(484,'Chane','Fieldsend','cfieldsendg4@pbs.org','M','nE7&FCd97i@O/'),(485,'Bastian','Bridger','bbridgerg5@nationalgeographic.com','M','wE5_QnhmC9W'),(486,'Stacee','Hurlston','shurlstong6@furl.net','M','jL8(1~YGkWp9s$nB'),(487,'Sandy','Keld','skeldg7@ovh.net','M','pD7\'oBla'),(488,'Andriana','Towersey','atowerseyg8@linkedin.com','F','xG7,9~\'V.*nk!U'),(489,'Sapphire','Milner','smilnerg9@google.pl','F','jU1,2Td/z+m,vo'),(490,'Drusilla','Sigert','dsigertga@webeden.co.uk','F','wT5+ld$c/(v'),(491,'Aleta','Hutt','ahutthn@sphinn.com','F','kL8$0n?zZQaG~z+G'),(492,'Gayelord','Hurn','ghurnho@blinklist.com','M','xY2_CWGqtch2JK+'),(493,'Laney','Hessle','lhesslehp@blogs.com','M','eK6$f+{!'),(494,'Audre','Waddams','awaddamshq@hhs.gov','F','aK5(W</@mR'),(495,'Wilek','Bauckham','wbauckhamhr@yale.edu','M','pN4`({QP(=bS1'),(496,'Olly','Greenroyd','ogreenroydhs@usgs.gov','M','sJ5\"|+0>Gf'),(497,'Carolina','Musgrave','cmusgraveht@t-online.de','F','wO7.F#0_HAf'),(498,'Frederick','Sanford','fsanfordhu@meetup.com','M','tD9.pF!|l'),(499,'Bee','Tenwick','btenwickhv@dyndns.org','F','nX9(ab<2/\''),(500,'Julietta','Tennick','jtennickhw@npr.org','F','fD9*_#4C5Ym`u'),(501,'Susann','Chidlow','schidlowhx@gizmodo.com','F','oQ7=xI(3{6'),(502,'Maxwell','Streater','mstreaterhy@blogger.com','M','xZ5|o.e*z{|Q'),(503,'Gilemette','Petofi','gpetofihz@dmoz.org','F','rE1}91N9_TD'),(504,'Gilburt','Breese','gbreesei0@qq.com','M','rC4<rc0|La'),(505,'Roxy','Longea','rlongeai1@canalblog.com','F','iL9~v$QVNA!zB'),(506,'Mar','Strickett','mstricketti2@networkadvertising.org','M','xS0}ThS$jC'),(507,'Andy','Wrought','awroughti3@tinypic.com','M','wG7,bSEH+gFgWY'),(508,'Kory','Boggers','kboggersi4@state.tx.us','M','lK5#jizA6&\'R&nd'),(509,'Elvin','Babst','ebabsti5@cnet.com','M','tA3,Bz~GIG9/'),(510,'Lacey','Purchall','lpurchalli6@theglobeandmail.com','F','jH3,p\'(!+'),(511,'Ellette','Lerwill','elerwilli7@webnode.com','F','iY2|o1w`k/'),(512,'Lu','O\'Heaney','loheaneyi8@howstuffworks.com','F','tB7.Qd9>I,8>'),(513,'Benjamen','Nendick','bnendicki9@storify.com','M','iC4\"4Cu?|s>a@s'),(514,'Waneta','Coddrington','wcoddringtonia@nih.gov','F','gR9(aNUUL8'),(515,'Timmi','Kingdom','tkingdomib@dyndns.org','F','rR9+w3XK'),(516,'Steffi','Gordge','sgordgeic@nationalgeographic.com','F','bC9,.uwu3WhO'),(517,'Waylan','Loxston','wloxstonid@unblog.fr','M','fH0@Urjb?UE'),(518,'Sapphira','Klees','skleesie@berkeley.edu','F','kM6>HO_OleC~zA'),(519,'Olive','Dibden','odibdenif@desdev.cn','F','xX7<ggI8KX'),(520,'Magda','Woolis','mwoolisig@netlog.com','F','rK2\"18Q,<e'),(521,'Merle','Libreros','mlibrerosih@hostgator.com','F','jW9}B`@X&d$O0/D+'),(522,'Robin','Mensler','rmenslerii@cbslocal.com','M','hJ5)pRJFK'),(523,'Amye','Bullock','abullockij@google.ru','F','uH0}a5hB%'),(524,'Lisa','Scrine','lscrineik@marketwatch.com','F','pY6*5xIb'),(525,'Marabel','Dillamore','mdillamoreil@nbcnews.com','F','yV0$5fEgd\'r>8'),(526,'Heall','Farey','hfareyim@shop-pro.jp','M','wT3}mNd%wYh#i+'),(527,'Seymour','Henrot','shenrotin@gnu.org','M','yJ6,Ji)0pHw'),(528,'Rita','McGarrell','rmcgarrellio@examiner.com','F','zL8@9YE\'gjn'),(529,'Pippa','Rait','praitip@1und1.de','F','uV2)gmj8xg>I1'),(530,'Swen','Bernardeschi','sbernardeschiiq@dot.gov','M','lB8%(?Wz'),(531,'Daisi','Beevis','dbeevisir@loc.gov','F','yP1>P.>M@XMF'),(532,'Thia','Philippsohn','tphilippsohnis@aol.com','F','lP3,58bv'),(533,'Hyacinth','Lunck','hlunckit@hibu.com','F','cI8&xC}6Si$m*'),(534,'Lion','Maultby','lmaultbyiu@tripod.com','M','iM0\'OaeNXf'),(535,'Bernadina','Bowers','bbowersiv@tuttocitta.it','F','kY5$SGcf.m{'),(536,'Lark','Doylend','ldoylendiw@lycos.com','F','sE6.r=DGTtRH'),(537,'Roselia','Casbolt','rcasboltix@discuz.net','F','wJ0>B17Ka'),(538,'Saunderson','Christauffour','schristauffouriy@aol.com','M','tZ1>+Xlv9ZS'),(539,'Gun','Doylend','gdoylendiz@ebay.co.uk','M','xS4&|\"W&9t@}'),(540,'Laughton','Spurge','lspurgej0@altervista.org','M','uN5}LtrxtX<>N}'),(541,'Sterne','Kybird','skybirdj1@wikia.com','M','wR1~/p=GXI2Gn||7'),(542,'Elsey','Littlecote','elittlecotej2@mysql.com','F','yE3$8u}o`/IHf6n+'),(543,'Cy','Dudderidge','cdudderidgej3@chicagotribune.com','M','zY0*d7)+/fCt.jr'),(544,'Faustine','Sprigings','fsprigingsj4@globo.com','F','wB6=<DXf1$v'),(545,'Chrotoem','Emsden','cemsdenj5@utexas.edu','M','wK7#|B@Ff\">h_\"V'),(546,'Delainey','Squirrel','dsquirrelj6@marketwatch.com','M','gH7>C.Pyo|'),(547,'Lorant','Errigo','lerrigoj7@wp.com','M','bR1>3krpR>9xZGAh'),(548,'Tremain','Jerwood','tjerwoodj8@oracle.com','M','iN0\"@*P$Dk7o$~BO'),(549,'Boris','Bewly','bbewlyj9@cam.ac.uk','M','lH3@v\"3x3jVEdD'),(550,'Almeria','Guillem','aguillemja@google.com.hk','F','xQ2%03WE'),(551,'Hilario','Kinnard','hkinnardjb@comcast.net','M','wV4@S}\"9'),(552,'Elset','Bilbrook','ebilbrookjc@slideshare.net','F','gJ5%,8Q$>2ln$'),(553,'Harlan','Dauncey','hdaunceyjd@gravatar.com','M','iV2`mTT&\'FU3\"'),(554,'Jesus','Casini','jcasinije@prlog.org','M','rC9q+?\"s'),(555,'Murry','Izatt','mizattjf@gmpg.org','M','zU6\"xuoqHKnr+=A'),(556,'Cheslie','Teeney','cteeneyjg@jiathis.com','F','xF9{GSnHjoz~f=1'),(557,'Antonina','Yearsley','ayearsleyjh@ebay.com','F','eK1!?x)lV6)M'),(558,'Trent','Medcalf','tmedcalfji@woothemes.com','M','hU5*<Lq@oxkjfo('),(559,'Marshal','McLemon','mmclemonjj@sina.com.cn','M','iL5*)mE@AXMzt'),(560,'Lizbeth','Boynes','lboynesjk@google.it','F','fE8<rveuTO.>1m|'),(561,'Judye','Haley','jhaleyjl@themeforest.net','F','cM5.#UjkiOs'),(562,'Alejoa','Handsheart','ahandsheartjm@bluehost.com','M','cG3<cR?n#Y'),(563,'Talbot','Moscone','tmosconejn@twitter.com','M','wW8}3v#,Wugbh'),(564,'Brendin','Colvine','bcolvinejo@sbwire.com','M','vE4+8+<uU'),(565,'Gaylord','Escolme','gescolmejp@drupal.org','M','oH3+f\'0v%VD=e+&'),(566,'Ivan','Cleator','icleatorjq@uol.com.br','M','aS3#><y.<6.WB'),(567,'Valentine','Prothero','vprotherojr@comsenz.com','M','aR7*a(4qzB'),(568,'Thorstein','Nacci','tnaccijs@ocn.ne.jp','M','uD8|LJ0VI>.P&'),(569,'Garey','Bratty','gbrattyjt@ask.com','M','fT5!HVozs<Peb'),(570,'Clifford','Foy','cfoyju@mysql.com','M','mK2=`{}|8dvM.'),(571,'Pepe','Whitrod','pwhitrodjv@sciencedirect.com','M','gL8+$bv1jd'),(572,'Stevena','Towle','stowlejw@europa.eu','F','iW9&8sFZee'),(573,'Werner','Artharg','warthargjx@ucoz.com','M','nU3~/D>np'),(574,'Nadia','Preene','npreenejy@e-recht24.de','F','kX4(.cW3Chama\"b'),(575,'Hasheem','Edgar','hedgarjz@wordpress.org','M','uB2!~hOl2NFO6X'),(576,'Reginald','Dearsley','rdearsleyk0@admin.ch','M','nB8,\"}@_I`v)r'),(577,'Colas','Roache','croachek1@sbwire.com','M','sV1(S5?05'),(578,'Allis','Theakston','atheakstonk2@networkadvertising.org','F','tH9}Ie%cq@j>1Ays'),(579,'Arlina','Clissell','aclissellk3@who.int','F','rI1<C!}>ai0X7}'),(580,'Philippe','Patek','ppatekk4@disqus.com','F','kC5/1Z3vt(8'),(581,'Sara','Ivie','siviek5@simplemachines.org','F','nB6.MGY3DZTn8Q'),(582,'Inger','Bompas','ibompask6@51.la','M','cO1(?MiwLiH!caW'),(583,'Ibby','Bondy','ibondyk7@who.int','F','tT0%,)1S'),(584,'Alistair','Jennens','ajennensk8@wsj.com','M','lD8@kD6{'),(585,'Darell','Jesty','djestyk9@house.gov','F','lR9{t6l}`Y6'),(586,'Kirsteni','Hadaway','khadawayka@japanpost.jp','F','yC9{RfUF'),(587,'Beverly','Tarbard','btarbardkb@tmall.com','F','dF2~vo(~'),(588,'Olia','Puttock','oputtockkc@exblog.jp','F','pZ6(FKPw/jvEd'),(589,'Davide','Atkyns','datkynskd@unblog.fr','M','vY3*0Ypz+>/{i'),(590,'Adena','Stockney','astockneyke@go.com','F','pC1%{kZ+g'),(591,'Verney','Videan','vvideankf@wsj.com','M','gU5<%>kp&?\nO'),(592,'Rasia','Gilliatt','rgilliattkg@upenn.edu','F','lI2{30w,4Ym!r'),(593,'Daffi','Dohmer','ddohmerkh@sourceforge.net','F','oU1|<yisf|TeN!n'),(594,'Marcello','Posner','mposnerki@multiply.com','M','aY9.>k&!|R(31v`E'),(595,'Nissy','Tunno','ntunnokj@zdnet.com','F','hZ8+cl139'),(596,'Illa','Pressdee','ipressdeekk@toplist.cz','F','vJ2`I$/&pKgwVAX='),(597,'Sibley','Joselevitz','sjoselevitzkl@google.de','F','xV6&\"p?>jbg'),(598,'Hendrika','Mustchin','hmustchinkm@google.com','F','vK5>WOL2K{$+'),(599,'Jarret','McCleary','jmcclearykn@wiley.com','M','kC7%=~>DDT}'),(600,'Cullie','Wildes','cwildesko@ihg.com','M','vG4`O$+<wJ2MCGOW'),(601,'Kaile','Ipsley','kipsleykp@cloudflare.com','F','dP7`)\"*)Ybgu%3'),(602,'Nanon','Binion','nbinionkq@odnoklassniki.ru','F','kY6)Y~QS/'),(603,'Tybalt','Challen','tchallenkr@businesswire.com','M','zE2((9QN4*&#'),(604,'Sammy','Caddick','scaddickks@t-online.de','M','yM8*dJ2QT?TI\''),(605,'Birch','Thursby','bthursbykt@usda.gov','M','fT3$w,8JX1K'),(606,'Daniele','Androletti','dandrolettiku@mapquest.com','F','bV5`f,!q'),(607,'Burty','McFaul','bmcfaulkv@delicious.com','M','cW3@yJA'),(608,'Eustacia','Cutajar','ecutajarkw@histats.com','F','wF7.=qeq%\"R=47W'),(609,'Sigmund','Lettley','slettleykx@github.io','M','xX5\'dFN8'),(610,'Juan','Ephgrave','jephgraveky@studiopress.com','M','lL2=k*%@nwO'),(611,'Judon','Aspy','jaspykz@youku.com','M','tS0_{5K.qZ'),(612,'Florentia','Lemmon','flemmonl0@nifty.com','F','dV1/F}a#r{'),(613,'Eal','Sawers','esawersl1@bigcartel.com','M','jZ7=gWrn,et*'),(614,'Giselbert','Waight','gwaightl2@princeton.edu','M','gZ5(B|Lm\'ikv'),(615,'Monte','Crum','mcruml3@creativecommons.org','M','sM2`dXS3?Mm8m'),(616,'Kelsey','Parmby','kparmbyl4@constantcontact.com','F','rY1@zm4=g<'),(617,'Tyrus','McCallum','tmccalluml5@apple.com','M','xR8$nBAn'),(618,'Kristen','Haslam','khaslaml6@tmall.com','F','iA5@VYl,T4$uLb'),(619,'Karly','Bamforth','kbamforthl7@storify.com','F','eE6~n%n\",2&)4a'),(620,'Sascha','Deverick','sdeverickl8@indiegogo.com','M','pP5+OWkB2~k9q'),(621,'Flory','Rootham','froothaml9@seesaa.net','M','yH5&G1+\"A8(i'),(622,'Filmore','Swendell','fswendellla@paypal.com','M','vX3?}#/9#Glm>'),(623,'Major','Nesfield','mnesfieldlb@1und1.de','M','fM1(HZ8O+7'),(624,'Florian','Birchner','fbirchnerlc@boston.com','M','cX0#=h2Do'),(625,'Jackie','Hebbs','jhebbsld@skyrock.com','F','aK0\"sh_qc'),(626,'Ulises','Gleave','ugleavele@jiathis.com','M','uB7|8h0L'),(627,'Raimund','Canadine','rcanadinelf@vimeo.com','M','gL0)x=!iwtaMj'),(628,'Carroll','Clem','cclemlg@mit.edu','F','gM0.{G2<Q|6q'),(629,'Kristel','Spurgin','kspurginlh@reference.com','F','tA0(yATLR'),(630,'Boot','Smerdon','bsmerdonli@devhub.com','M','yS6`3Y|wFvLhi\"b'),(631,'Mabelle','Hodinton','mhodintonlj@studiopress.com','F','kK2*k#>pEFs'),(632,'Reinold','Goolding','rgooldinglk@unblog.fr','M','qQ0|JN5E8=<=}'),(633,'Fairfax','Kroon','fkroonll@ed.gov','M','zD2?oWicV%%d0'),(634,'Irita','Brabin','ibrabinlm@usa.gov','F','wQ8_YG40d'),(635,'Quintilla','Thorbon','qthorbonln@samsung.com','F','aH6/bf?Il'),(636,'Andria','Seven','asevenlo@prnewswire.com','F','aJ2&NbpO'),(637,'Sharline','Gorcke','sgorckelp@amazon.de','F','dL3|_~,S$(ody'),(638,'Lonnie','Lopes','llopeslq@nasa.gov','F','vE8%~)2/kXqR'),(639,'Sigismundo','Wakely','swakelylr@over-blog.com','M','nM4{Trbk*6Kz9*7g'),(640,'Claudian','Harrhy','charrhyls@earthlink.net','M','uY2\'Qm6s'),(641,'Silva','Mitchel','smitchellt@shareasale.com','F','uL7}\'}Fibo!Sa@L'),(642,'Finley','Yeates','fyeateslu@bing.com','M','kR1=C0,EkCm{xs1'),(643,'Jacky','Northeast','jnortheastlv@wordpress.org','F','fM7>9xvZ1C&'),(644,'Iolanthe','Pouton','ipoutonlw@admin.ch','F','gP9?<}CA#hbQ'),(645,'Sylvester','Moulder','smoulderlx@nifty.com','M','cT1.maFBY2n~y}m'),(646,'Darwin','Skeermer','dskeermerly@cdc.gov','M','pY1!BUQ4D'),(647,'Bobby','Ashlee','bashleelz@mac.com','M','yK9\"IXHgk3cH'),(648,'Margarete','Putley','mputleym0@icio.us','F','zV9)Hr@ZbIo9YMA'),(649,'Reeta','Gilfoy','rgilfoym1@lulu.com','F','nH8*jMp8#o%'),(650,'Jacynth','Giuroni','jgiuronim2@harvard.edu','F','tY8?Me+\"B9Lxn9'),(651,'Urban','Aubri','uaubrim3@xinhuanet.com','M','mP4?9Sg8'),(652,'Maurice','Freshwater','mfreshwaterm4@yandex.ru','M','wC9%N{V5g'),(653,'Corney','Donaher','cdonaherm5@reverbnation.com','M','sR3{PT<98NcB_d'),(654,'Garvy','Peeke-Vout','gpeekevoutm6@cpanel.net','M','cG0?C1(rknU'),(655,'Emery','Scuffham','escuffhamm7@elegantthemes.com','M','rK6>g.~F{z1i,ft@'),(656,'Arlene','MacGeaney','amacgeaneym8@huffingtonpost.com','F','tB9_iF.0`'),(657,'Ray','Neenan','rneenanm9@ask.com','F','sB9&k|EB.o'),(658,'Candra','Kelbie','ckelbiema@irs.gov','F','xL0,,n(K'),(659,'Merrill','Rayman','mraymanmb@sitemeter.com','M','eH8(mVoJ'),(660,'Marieann','Island','mislandmc@dedecms.com','F','cG1$#J\'FrpGkay'),(661,'Tabbitha','Roscamp','troscampmd@networkadvertising.org','F','gU8.)MFEWT'),(662,'Wandie','Lathwell','wlathwellme@toplist.cz','F','zY3%J7?{HJM@tx'),(663,'Nari','Fidian','nfidianmf@ask.com','F','nN3#*}?,rwx/'),(664,'Robin','Collyer','rcollyermg@webnode.com','M','eP5>?L>2pZXZ7d'),(665,'Marylin','Downie','mdowniemh@wiley.com','F','hO5_ukID'),(666,'Frederic','Thynn','fthynnmi@elpais.com','M','hJ4*$yX7'),(667,'Noel','Felten','nfeltenmj@squarespace.com','M','jI1!j~Y37I7\"5L7T'),(668,'Korey','Minster','kminstermk@dell.com','M','mV2_}%6j$E$BUYe'),(669,'Kittie','Barrim','kbarrimml@lulu.com','F','aB5_u9M~!D!gM'),(670,'Tremaine','Le land','tlelandmm@google.ru','M','jF1!c8u}T'),(671,'Lannie','Gatman','lgatmanmn@yellowbook.com','M','cM6*|\"h4'),(672,'Brana','Haysom','bhaysomnh@instagram.com','F','cL1*\"4!WLucTJ'),(673,'Kira','Badman','kbadmanni@altervista.org','F','pF3@uh65O#1KMS%'),(674,'Glenda','Zaniolini','gzaniolininj@psu.edu','F','kF0{@}1vADT9)?'),(675,'Josh','Tindall','jtindallnk@flickr.com','M','xS0$doB4<T_5L'),(676,'Charla','Izzard','cizzardnl@sina.com.cn','F','hT8%5A2Z|Ty!i'),(677,'Karna','Romaint','kromaintnm@pbs.org','F','pH4<b`G3/&hB'),(678,'Maryjo','Demogeot','mdemogeotnn@liveinternet.ru','F','nG9{EF2H)!=>xoc'),(679,'Granny','Martinet','gmartinetno@cbc.ca','M','lG1*0r)Jk'),(680,'Phylys','Crunkhurn','pcrunkhurnnp@weebly.com','F','xC9/~udr{>14uNHs'),(681,'Lalo','Whitehorne','lwhitehornenq@state.gov','M','pH9!W2_QaWTDH{BG'),(682,'Alva','Wemm','awemmnr@booking.com','M','bA3&252=VNc'),(683,'Hillie','Attrill','hattrillns@shutterfly.com','M','iM3*/2QP~KB\''),(684,'Alfie','Poser','aposernt@lycos.com','F','fL7/I48E)|~w!#'),(685,'Trstram','Jefford','tjeffordnu@jugem.jp','M','dJ4>{R=h'),(686,'Amelia','Maykin','amaykinnv@webmd.com','F','nL1yfH\'y5W5'),(687,'Alvira','Maddison','amaddisonnw@bravesites.com','F','zF5?JQNULPt{Kk'),(688,'Godard','Anstead','gansteadnx@ask.com','M','dS1{EZ6eg>5@8K}/'),(689,'Elyssa','Seiller','eseillerny@ebay.com','F','yJ2$bNm>Af1_SxmR'),(690,'Robbin','Zmitruk','rzmitruknz@mtv.com','F','rR6!?anWi)N'),(691,'Somerset','Medling','smedlingo0@mlb.com','M','xO3&!>T|Ig'),(692,'Mario','Laing','mlaingo5@theguardian.com','M','jX4*X%2/j_p'),(693,'Brigitte','Nowell','bnowello6@51.la','F','bG3)oT8d`y..W\"'),(694,'Adolphus','Woofendell','awoofendello7@discovery.com','M','cU7+H#z|>3q'),(695,'Mendy','Merck','mmercko8@go.com','M','bM4\"8u=S'),(696,'Wendall','Garside','wgarsideo9@mashable.com','M','oG8*5{BMK\'z5#4O'),(697,'Neely','Troctor','ntroctoroa@slate.com','F','xT5@F2l#M>9zA0'),(698,'Cindie','Chatelot','cchatelotob@senate.gov','F','hN6/\'eA=5cE'),(699,'Linn','Dolbey','ldolbeyoc@goo.ne.jp','M','qY6_UN)ZaqMPbY'),(700,'Loren','Toffanelli','ltoffanelliod@e-recht24.de','F','mF0\"p)YQs\',.'),(701,'Bartholomeo','Arnao','barnaooe@godaddy.com','M','eD3?n+=YOr|nh`'),(702,'Orel','Hartshorn','ohartshornof@stumbleupon.com','F','xU8{Y1B7euw8P'),(703,'Gussi','Jahnig','gjahnigog@sogou.com','F','jD5.NY1fd/r5='),(704,'Hurleigh','Havenhand','hhavenhandoh@baidu.com','M','lX9&Q(sQ!2'),(705,'Fran','Sheivels','fsheivelsoi@state.tx.us','F','iA9~#`y3je0Z'),(706,'Tabbie','Leinster','tleinsteroj@t.co','F','cF2_~@c+_'),(707,'Ted','Eudall','teudallok@icio.us','F','mI8/B1hT'),(708,'Orazio','Piddick','opiddickol@aboutads.info','M','pH5*j|N!I9`#,'),(709,'Greer','Shoubridge','gshoubridgeom@spiegel.de','F','sB2@2Jl#63.R9'),(710,'Aldwin','D\'Emanuele','ademanueleon@ucsd.edu','M','qJ0&&35(hxPpTY'),(711,'Rosemarie','Kenaway','rkenawayoo@marketwatch.com','F','rN3.SKdR>D95ghE}'),(712,'Odette','Janos','ojanosop@quantcast.com','F','jG7*2RG\'A#'),(713,'Caria','Hendron','chendronoq@multiply.com','F','aX4@q$lC+J'),(714,'Oswell','Hegdonne','ohegdonneor@wufoo.com','M','cR1}MKW'),(715,'Ximenes','Roebuck','xroebuckos@parallels.com','M','gM8,}rmKsx_T'),(716,'Allyson','Briamo','abriamoot@mediafire.com','F','aW0+d6kdd6<zF76'),(717,'Ber','Harlin','bharlinou@pen.io','M','qZ0|\'kC6_F'),(718,'Ericha','Raoult','eraoultov@domainmarket.com','F','rN7`o{q~'),(719,'Bartram','Dutchburn','bdutchburnow@eventbrite.com','M','hI6$Muqmn1\"'),(720,'Brannon','Grout','bgroutox@imdb.com','M','cR6=?EpBa#JhnCZ'),(721,'Millard','Proudlock','mproudlockoy@de.vu','M','fF1\"\'%*HO'),(722,'Elysha','Darker','edarkeroz@stanford.edu','F','sW5~%l7S)'),(723,'Di','Philippeaux','dphilippeauxp0@exblog.jp','F','vG4*1Lbb8'),(724,'Kalle','Swaddle','kswaddlep1@wp.com','M','vV6=$0Y*qOu'),(725,'Brian','Shrubsall','bshrubsallp2@list-manage.com','M','jX3\"Op)O_bX~Bm'),(726,'Sherilyn','Brixey','sbrixeyp3@mediafire.com','F','pN3_gDUE`4'),(727,'Mathilda','Ferraresi','mferraresip4@theatlantic.com','F','qR5)d}R|B	<N'),(728,'Cobby','Simoes','csimoesp5@dyndns.org','M','eF5>QMg>@'),(729,'Estrellita','Onn','eonnp6@zimbio.com','F','hF9)Qx|8~arBb{'),(730,'Matthieu','Fowley','mfowleyp7@bandcamp.com','M','mP4(y!b\"S<$'),(731,'Helenka','Veivers','hveiversp8@rakuten.co.jp','F','tK3&guy04M`KOR'),(732,'Filbert','Catton','fcattonp9@about.com','M','aR5%k_1j3@s~m'),(733,'Amelina','Richens','arichenspa@yelp.com','F','pY0)11u9E_A'),(734,'Nelly','De Bernardi','ndebernardipb@examiner.com','F','zX2|AiYLlRIr'),(735,'Alvina','Glanville','aglanvillepc@arstechnica.com','F','fL4.lI@Vy%@#O)K'),(736,'Karry','Lindenboim','klindenboimpd@csmonitor.com','F','fY5$8DLz'),(737,'Cris','Coslett','ccoslettpe@disqus.com','M','zB1*n,mkvF$If${1'),(738,'Travers','Etter','tetterpf@netlog.com','M','wD1.OX*9!bsqGZj'),(739,'Jillie','Mitchelhill','jmitchelhillpg@constantcontact.com','F','dQ8&#zkeTN`,_)'),(740,'Federica','Lethibridge','flethibridgeph@ca.gov','F','uC8`UR6Q|'),(741,'Abran','Karlolak','akarlolakpi@usnews.com','M','kK1}X13<'),(742,'Giustina','Stanlike','gstanlikepj@hexun.com','F','dP0)RXuj6n|AdE+'),(743,'Stafford','Lattos','slattospk@java.com','M','oE7\'1c_Oe>m'),(744,'Ebony','Annandale','eannandalepl@utexas.edu','F','kE3_F3>W>S0.'),(745,'Malchy','MacNalley','mmacnalleypm@va.gov','M','aM6#F>iO+D*'),(746,'Crissy','Suett','csuettpn@dot.gov','F','oO6+*RwXoul$'),(747,'Roby','Sindell','rsindellpo@harvard.edu','F','hM1@Bz.\'YU`J8D#'),(748,'Ludvig','Silbermann','lsilbermannpp@clickbank.net','M','jX9$BF=!#.0x$'),(749,'Dede','Beinke','dbeinkepq@icio.us','F','yN1~I=EVD/AHW}'),(750,'Mariette','Turri','mturripr@reference.com','F','iB2+6pUA(wVD'),(751,'Duffie','Jessopp','djessoppps@fotki.com','M','kI6{hA(i.'),(752,'Killy','Shambroke','kshambrokept@last.fm','M','pR1\")ar@@Io/{y'),(753,'Nikola','Kiddye','nkiddyepu@gov.uk','M','gL1\'a.G3HCo!gft?'),(754,'Tybalt','Clappson','tclappsonpv@answers.com','M','oM5<Y*GNJjl4qNS'),(755,'Hilliard','Skala','hskalapw@mac.com','M','lO3{etv@I'),(756,'Ulrich','Warde','uwardepx@nymag.com','M','jM5#_e~,7uJIy,.'),(757,'Emiline','Ornelas','eornelaspy@usgs.gov','F','rA5)fALu&3/WFjkN'),(758,'Elvina','Trayhorn','etrayhornpz@wiley.com','F','wN2.x)<Hga2lP}z$'),(759,'Davidde','Elesander','delesanderq0@shareasale.com','M','mN5+r+6zq`hC'),(760,'Salomo','Karlsen','skarlsenq1@t-online.de','M','qT7%=xk2mtk`'),(761,'Brendon','Dorman','bdormanq2@mail.ru','M','mZ6{TA6A#~O6r'),(762,'Glori','Lared','glaredq3@ameblo.jp','F','xH8PP+Xp|*?9j'),(763,'Tito','Andreasson','tandreassonq4@miibeian.gov.cn','M','hO7=UoCGJ.}g6v'),(764,'Emmet','Cormode','ecormodeq5@networksolutions.com','M','zP9<Xe1JYwc%wLi8'),(765,'Nonie','Esbrook','nesbrookq6@weather.com','F','jI0%0g,d'),(766,'Maximilien','Corton','mcortonq7@ameblo.jp','M','fY0$?9Yu2'),(767,'Ava','Danes','adanesq8@friendfeed.com','F','dC0g+fjy+U\'5}Z#'),(768,'Cora','Valenta','cvalentaq9@sakura.ne.jp','F','aY6_\"9Z0)sm~'),(769,'Lauren','Ivanenkov','livanenkovqa@mac.com','M','pO8)2u|3@{UK1dB'),(770,'Tomkin','Swannell','tswannellqb@gov.uk','M','bN1_#RPD$$EgQ+'),(771,'Olivia','Scala','oscalaqc@ow.ly','F','yE9@w_WBY?9<CX'),(772,'Fee','MacKniely','fmacknielyqd@nationalgeographic.com','M','fC2~1@,jqNG$'),(773,'Fannie','Lias','fliasqe@networksolutions.com','F','jD4.|k@x0%\"9'),(774,'Joell','Tunnow','jtunnowqf@sitemeter.com','F','kV0\"JVn!$(Q'),(775,'Bessy','Hardson','bhardsonqg@linkedin.com','F','sU79e?a'),(776,'Dallas','Gleave','dgleaveqh@gravatar.com','F','qD3<n#tJL)'),(777,'Rosabella','Monger','rmongerqi@admin.ch','F','kG9\'8Zk+nV'),(778,'Culley','Jorge','cjorgeqj@bravesites.com','M','rL6@6Q!x8PsN3X'),(779,'Joseph','Sanja','jsanjaqk@ustream.tv','M','wJ3_7sl_C.+5~P'),(780,'Urbain','Sizey','usizeyql@indiatimes.com','M','tZ1<m?n<p0\"_r'),(781,'Lavinia','Conford','lconfordqm@ebay.com','F','jT2{RU?mq=)oL'),(782,'Dudley','Rogerson','drogersonqn@wikia.com','M','xP2`$r6\''),(783,'Rawley','Reitenbach','rreitenbachqo@icio.us','M','mS5%?+AQSDZ\nu'),(784,'Alvie','Yarrow','ayarrowqp@sohu.com','M','lN9>bs=r@8(\'AkB'),(785,'Shayna','Castaneda','scastanedaqq@liveinternet.ru','F','hE8$>Ublg\'@Se'),(786,'Connie','Coomes','ccoomesqr@jalbum.net','M','uH3(gV3D\"#}WLJU'),(787,'Emera','Beddingham','ebeddinghamqs@goodreads.com','F','mN1(|@lx\"X0n'),(788,'Gwenette','Kurth','gkurthqt@icio.us','F','hW6!AVPH#5xH'),(789,'Cindelyn','Wasmuth','cwasmuthqu@imageshack.us','F','tF2?C~j7rD'),(790,'Buiron','McGuire','bmcguireqv@desdev.cn','M','wR9~$7qoD<?('),(791,'Andros','Smithers','asmithersqw@360.cn','M','bZ1*Mb4H\"jM'),(792,'Clare','Dominy','cdominyqx@smh.com.au','F','wA9(/ucs.`Rkn1'),(793,'Gino','Rentoul','grentoulqy@sourceforge.net','M','tK5.jvqHLlS=m8Q'),(794,'Ransom','Vasilik','rvasilikqz@indiatimes.com','M','tG3$nZYmj~xjHJ5'),(795,'Alfi','Hundall','ahundallr0@t-online.de','F','iG6/VGvV.'),(796,'Helge','Squirrel','hsquirrelr1@creativecommons.org','F','pF7/e%=e#I5A'),(797,'Zacherie','Bow','zbowr2@adobe.com','M','wL6?}cFeWqJ'),(798,'Elvis','Strotone','estrotoner3@wikispaces.com','M','tT6}}Z9pSy'),(799,'Betsy','Vowdon','bvowdonr4@state.gov','F','cX7(8)\'mR2#KSFnQ'),(800,'Fancie','Mehew','fmehewr5@pcworld.com','F','tA7)k&eHOt'),(801,'Aron','Martineau','amartineaurb@i2i.jp','M','gC6{\"8ZC!Cfblv'),(802,'Nolan','Newtown','nnewtownrc@jigsy.com','M','mO1(ze\'ThxiF>R'),(803,'Lynnea','Hucke','lhuckerd@unicef.org','F','zN5{K{*Jbr1sSjR|'),(804,'Hank','Rowbury','hrowburyre@blogtalkradio.com','M','kY9#xdUb_ul'),(805,'Elianore','Keene','ekeenerf@so-net.ne.jp','F','oT8&Hbn/}_nZ'),(806,'Andreana','Abreheart','aabreheartrg@europa.eu','F','sI7.3cK?>u'),(807,'Bartolemo','Emtage','bemtagerh@msu.edu','M','yJ8\"S@{PB'),(808,'Amandy','Stockings','astockingsri@cpanel.net','F','dK6(T$p#xzY/C>ZF'),(809,'Barnett','Bindin','bbindinrj@com.com','M','aA2?$j\"%+%4D4Kdj'),(810,'Dina','Lockhart','dlockhartrk@histats.com','F','sH0=>7Y.)&w`Lip>'),(811,'Carter','Dominetti','cdominettirl@jigsy.com','M','eY3}_Xo'),(812,'Ulric','Naptine','unaptinerm@admin.ch','M','dG1=IWMNdA'),(813,'Fay','Gouck','fgouckrn@dot.gov','F','wF1?1yiz'),(814,'Stanislas','Grinter','sgrinterro@wisc.edu','M','dH1<+P5}Y4Gi+LL'),(815,'Garey','Crumby','gcrumbyrp@instagram.com','M','jN1!#kI&`<'),(816,'Brynn','Learie','blearierq@posterous.com','F','lH1|?JXo'),(817,'Clemmy','Tidman','ctidmanrr@yelp.com','F','wG4&{_y*L8.bF');
/*!40000 ALTER TABLE `cliente` ENABLE KEYS */;
UNLOCK TABLES;

--
-- Table structure for table `drug_company`
--

DROP TABLE IF EXISTS `drug_company`;
/*!40101 SET @saved_cs_client     = @@character_set_client */;
/*!50503 SET character_set_client = utf8mb4 */;
CREATE TABLE `drug_company` (
  `id` int NOT NULL AUTO_INCREMENT,
  `name` varchar(100) NOT NULL,
  `country` varchar(50) NOT NULL,
  PRIMARY KEY (`id`)
) ENGINE=InnoDB AUTO_INCREMENT=26 DEFAULT CHARSET=utf8mb4 COLLATE=utf8mb4_0900_ai_ci;
/*!40101 SET character_set_client = @saved_cs_client */;

--
-- Dumping data for table `drug_company`
--

LOCK TABLES `drug_company` WRITE;
/*!40000 ALTER TABLE `drug_company` DISABLE KEYS */;
INSERT INTO `drug_company` VALUES (1,'Golden State Medical Supply, Inc.','Belarus'),(2,'Wyeth Pharmaceuticals Inc., a subsidiary of Pfizer Inc.','Brazil'),(3,'Bare Escentuals Beauty Inc.','Philippines'),(4,'Clinical Solutions Wholesale','Madagascar'),(5,'Unit Dose Services','Russia'),(6,'Mallinckrodt, Inc.','Russia'),(7,'Cardinal Health','Argentina'),(8,'Sanum Kehlbeck GmbH & Co. KG','Poland'),(9,'Save-A-Lot Food Stores Ltd','Mexico'),(10,'Energique, Inc.','China'),(11,'AMOREPACIFIC','Sweden'),(12,'A&Z Pharmaceutical, Inc.','Canada'),(13,'Hospira, Inc.','France'),(14,'Nelco Laboratories, Inc.','Brazil'),(15,'Publix Super Markets Inc','Nigeria'),(16,'Chain Drug Marketing Association','Tanzania'),(17,'Physicians Total Care, Inc.','Malaysia'),(18,'RxPak Division of McKesson Corporation','China'),(19,'Cardinal Health','Honduras'),(20,'McKesson Packaging Services a business unit of McKesson Corporation','China'),(21,'Lake Erie Medical DBA Quality Care Products LLC','Portugal'),(22,'SUPERVALU INC.','Brazil'),(23,'Kay Chemical Company','China'),(24,'Greenstone LLC','Portugal'),(25,'Meijer Distribution Inc','Czech Republic');
/*!40000 ALTER TABLE `drug_company` ENABLE KEYS */;
UNLOCK TABLES;

--
-- Table structure for table `generic_drug`
--

DROP TABLE IF EXISTS `generic_drug`;
/*!40101 SET @saved_cs_client     = @@character_set_client */;
/*!50503 SET character_set_client = utf8mb4 */;
CREATE TABLE `generic_drug` (
  `id` int NOT NULL AUTO_INCREMENT,
  `name` varchar(100) NOT NULL,
  `id_drug_company` int NOT NULL,
  `price` float NOT NULL,
  PRIMARY KEY (`id`),
  KEY `id_drug_company` (`id_drug_company`),
  CONSTRAINT `generic_drug_ibfk_1` FOREIGN KEY (`id_drug_company`) REFERENCES `drug_company` (`id`)
) ENGINE=InnoDB AUTO_INCREMENT=973 DEFAULT CHARSET=utf8mb4 COLLATE=utf8mb4_0900_ai_ci;
/*!40101 SET character_set_client = @saved_cs_client */;

--
-- Dumping data for table `generic_drug`
--

LOCK TABLES `generic_drug` WRITE;
/*!40000 ALTER TABLE `generic_drug` DISABLE KEYS */;
INSERT INTO `generic_drug` VALUES (1,'Ropinirole Hydrochloride',21,39.99),(2,'Fluoxetine Hydrochloride',6,3.29),(3,'Glipizide',25,54.99),(4,'Nisoldipine',18,7.49),(5,'POTASSIUM CHLORIDE',13,3.49),(6,'Cedar Red',16,59.99),(7,'Octinoxate and Oxybenzone',11,2.29),(8,'Magnesium Citrate',4,3.99),(9,'Norethindrone Acetate and Ethinyl Estradiol and Ferrous Fumarate',8,18.99),(10,'Salicylic acid',6,24.99),(11,'English Plantain',22,29.99),(12,'Petrolatum',15,12.99),(13,'Antifungal Liquid Spray',7,59.99),(14,'Silver Sulfadiazine',23,19.99),(15,'SoftCIDE-ES',25,3.99),(16,'lomitapide mesylate',4,39.99),(17,'Acetaminophen, Aspirin, Caffeine',17,2.49),(18,'sotalol hydrochloride',1,2.99),(19,'Acetaminophen, Dextromethorphan HBr, Doxylamine succinate',3,1.39),(20,'sodium fluoride',18,34.99),(21,'Flaxseed',4,129.99),(22,'Eye Wash',3,19.99),(23,'Titanium Dioxide, Zinc Oxide, and Octinoxate',7,14.99),(24,'Warfarin Sodium',5,5.99),(25,'ADRENOCORTICOTROPHIN',20,19.99),(26,'TITANIUM DIOXIDE, ZINC OXIDE',10,2.99),(27,'acetaminophen',7,30),(28,'Sodium Monofluorophosphate',14,3.99),(29,'PREDNISONE',23,24.99),(30,'Fludrocortisone Acetate',24,12.99),(31,'Acetaminophen',10,39.99),(32,'Box Elder',25,199.99),(33,'Sodium Chloride',8,3.39),(34,'EUCALYPTUS GLOBULUS LEAF, MELALEUCA ALTERNIFOLIA LEAF',5,6.99),(35,'OCTOCRYLENE',7,6.49),(36,'Terbinafine Hydrochloride',23,19.99),(37,'SENNOSIDES',3,2.49),(38,'oxymetazoline hydrochloride',23,5.49),(39,'OCTINOXATE and TITANIUM DIOXIDE',14,3.99),(40,'buprenorphine hydrochloride and naloxone hydrochloride',7,29.99),(41,'OCTINOXATE, OXYBENZONE',22,12.99),(42,'acetaminophen,pheniramine maleate, phenylephrine hydrochloride',23,10.99),(43,'Cultivated Rye',15,29.99),(44,'Alprazolam',22,49.99),(45,'Velvet Grass',20,19.99),(46,'paliperidone',15,4.89),(47,'BENZALKONIUM CHLORIDE',3,4.99),(48,'Hydralazine Hydrochloride',23,109.99),(49,'Pioglitazone HCL and Metformin HCL',5,35),(50,'Menthol',17,39.99),(51,'Mineral Oil',21,3.79),(52,'Brevibacterium stationis',20,39.99),(53,'SALICYLIC ACID',20,139.99),(54,'Triclosan',20,23.99),(55,'Glycerin',23,4.99),(56,'Nitrofurantoin',24,22.99),(57,'GABAPENTIN',1,5.99),(58,'Zinc Gluconate',2,14.99),(59,'OXYMETAZOLINE HYDROCHLORIDE',4,4.99),(60,'calcium carbonate',14,129.99),(61,'Naproxen Sodium',5,24.99),(62,'tamsulosin hydrochloride',22,3.99),(63,'Amantadine Hydrochloride',3,6.99),(64,'Meclizine Hydrochloride',20,2.49),(65,'Carvedilol',15,5.99),(66,'Talc',22,2.79),(67,'Avobenzone, Homosalate, Octisalate, and Octocrylene',18,8.49),(68,'Propofol',10,7.99),(69,'Naphazoline hydrochloride, Polysorbate',23,39.99),(70,'Prochlorperazine Maleate',8,3.99),(71,'Levothyroxine Sodium',9,12.99),(72,'Cephalosporium acremonium',6,2.59),(73,'Polyethylene Glycol 3350',2,29.99),(74,'Glyburide',6,2.99),(75,'topiramate',23,4.49),(76,'Tretinoin',10,89.99),(77,'Ibuprofen',16,44.99),(78,'fexofenadine hydrochloride and pseudoephedrine hydrochloride',20,3.99),(79,'Methadone Hydrochloride',11,44.99),(80,'Clopidogrel Bisulfate',19,2.49),(81,'Loperamide Hydrochloride',3,59.99),(82,'Ibuprofen',4,4.49),(83,'Treatment Set TS337554',14,3.99),(84,'Guaifenesin, Phenylephrine Hydrochloride, and Dextromethorphan hydrobromide',4,3.19),(85,'PREGABALIN',20,4.99),(86,'Aluminum Metal',21,59.99),(87,'Zonisamide',3,4.49),(88,'LISINOPRIL AND HYDROCHLOROTHIAZIDE',20,8.99),(89,'HYDROQUINONE',18,3.99),(90,'Lisinopril',17,23.99),(91,'Hydralazine Hydrochloride',8,49.99),(92,'Divalproex Sodium',4,64.99),(93,'Triamcinolone Acetonide',10,29.99),(94,'Penicillin V Potassium',2,34.99),(95,'Avobenzone, Octinoxate, and Octisalate',23,19.99),(96,'Apricot',22,24.99),(97,'Homeopathic Liquid',2,12.99),(98,'ZOLPIDEM TARTRATE, CHOLINE',5,3.99),(99,'Hydromorphone HCl',9,12.99),(100,'Loratadine',16,22.99),(101,'Dextromethorphan Hydrobromide / Guaifenesin',12,8.99),(102,'Calendula Officinalis Flowering Top, Allylthiourea, and Silicon Dioxide',8,24.99),(103,'Miconazole nitrate',3,24.99),(104,'Acetaminophen, Diphenhydramine HCL, and Phenylephrine HCL.',25,6.49),(105,'Furosemide',11,22.99),(106,'Acetaminophen, Aspirin, Caffeine',19,2.49),(107,'Lisinopril',5,24.99),(108,'Ibuprofen',25,5.99),(109,'AVOBENZONE',9,1.99),(110,'fentanyl',22,3.99),(111,'Acetaminophen',13,34.99),(112,'Lansoprazole',14,9.99),(113,'methylprednisolone sodium succinate',17,5.99),(114,'DEXTROMETHORPHAN HYDROBROMIDE, GUAIFENESIN, PHENYLEPHRINE HYDROCHLORIDE',20,2.49),(115,'Aluminum Zirconium Octachlorohydrex Gly',11,19.99),(116,'Trace Elements 4',25,3.49),(117,'oxymorphone hydrochloride',9,149.99),(118,'Triclosan',18,3.49),(119,'Ethambutol Hydrochloride',19,59.99),(120,'not applicable',3,69.99),(121,'lomustine',13,3.99),(122,'SALICYLIC ACID',12,24.99),(123,'Tioconazole',14,1.89),(124,'Antihemophilic Factor (Recombinant)',10,39.99),(125,'lamivudine and zidovudine',1,29.99),(126,'Arnica Aurum Equisetum',15,19.99),(127,'acetaminophen',19,3.69),(128,'PHENYLEPHRINE HYDROCHLORIDE, PYRILAMINE MALEATE, and DEXTROMETHORPHAN HYDROBROMIDE',16,249.99),(129,'Furosemide',16,15.99),(130,'Torsemide',18,3.79),(131,'potassium chloride',15,14.99),(132,'CHLORPHENIRAMINE MALEATE',11,5.79),(133,'Loratadine',1,22.99),(134,'epinephrine',2,79.99),(135,'Guaifenesin',22,14.99),(136,'Bactracin, Neomycin, Polymyxin B',4,29.99),(137,'Aspirin',11,99.99),(138,'Salt Cedar',20,1.99),(139,'TITANIUM DIOXIDE, OCTINOXATE',14,3.99),(140,'clindamycin phosphate',18,9.49),(141,'telmisartan and hydrochlorthiazide',22,3.49),(142,'Titanium dioxide',10,39.99),(143,'Acetaminophen',10,4.79),(144,'Paroxetine Hydrochloride',20,15.99),(145,'Citalopram',8,29.99),(146,'PHENAZOPYRIDINE HYDROCHLORIDE',23,7.49),(147,'Ketorolac Tromethamine',2,79.99),(148,'Ferrum phos, Kali sulp, Nat phos',20,29.99),(149,'White Alder',25,8.49),(150,'alcohol',12,99.99),(151,'Oxygen',21,59.99),(152,'Acetaminophen',7,2.49),(153,'Acetaminophen, Aspirin, Caffeine',3,24.99),(154,'losartan potassium',10,7.49),(155,'Lamotrigine',12,3.29),(156,'Ferrous Fumarate and Polysacchride Iron Vitamin Mineral Complex Supplement',15,4.99),(157,'Trichoderma harzianam',5,2.29),(158,'ASPIRIN',22,79.99),(159,'phenylephrine and ketorolac',25,39.99),(160,'Kapok',1,19.99),(161,'Guaifenesin',15,39.99),(162,'Gabapentin',19,24.99),(163,'Potassium Chloride',20,19.99),(164,'LULICONAZOLE',12,45.99),(165,'Finasteride',25,3.5),(166,'Lansoprazole',24,5.99),(167,'Ibuprofen',11,29.99),(168,'Amitriptyline Hydrochloride',4,14.99),(169,'fentanyl citrate',21,15.99),(170,'ziprasidone hydrochloride',7,3.49),(171,'BACILLUS ANTHRACIS',23,2.99),(172,'Ethambutol Hydrochloride',1,59.99),(173,'Triamcinolone Acetonide',4,19.99),(174,'Quetiapine Fumarate',11,4.29),(175,'Benzalkonium chloride',3,12.99),(176,'Pepper Tree Pollen',22,14.99),(177,'AVOBENZONE, HOMOSALATE, OCTISALATE, OCTOCRYLENE',23,59.99),(178,'Ofloxacin',23,79.99),(179,'CARBIDOPA AND LEVODOPA',1,6.99),(180,'ACETAMINOPHEN, PHENYLEPHRINE HYDROCHLORIDE',6,5.49),(181,'Ondansetron',20,3.19),(182,'Zoledronic Acid',13,4.29),(183,'ALCOHOL',5,49.99),(184,'Oxygen',24,29.99),(185,'Benzethonium chloride and Benzocaine',20,14.99),(186,'Homosalate, Octisalate, Octocrylene, Avobenzone',4,2.99),(187,'Nicardipine Hydrochloride',20,0.99),(188,'Esomeprazole Sodium',24,6.99),(189,'ACETAMINOPHEN AND CODEINE PHOSPHATE',17,39.99),(190,'Oxygen',2,2.49),(191,'oxaliplatin',23,3.49),(192,'Salicylic Acid',3,34.99),(193,'Aspirin',8,129.99),(194,'GLYCERIN',7,3.99),(195,'not applicable',21,22.99),(196,'Sodium Chloride',18,29.99),(197,'Baptisia tinctoria, Echinacea, Hydrastis canadensis,',23,34.99),(198,'anas platyrhynchos feather',8,34.99),(199,'Ibuprofen',20,2.49),(200,'Triclosan',11,4.99),(201,'Alcohol',1,3.49),(202,'IBANDRONATE SODIUM',24,39.99),(203,'turkey',21,39.99),(204,'Cetirizine HCl',7,15.99),(205,'Meropenem',9,14.99),(206,'cyanocobalamin',25,5.49),(207,'isosorbide dinitrate',3,0.99),(208,'Tetrahydrozoline hydrochloride',8,29.99),(209,'pravastatin sodium',7,3.79),(210,'Lamotrigine',21,3.99),(211,'Clonidine Hydrochloride',24,89.99),(212,'METHADONE HYDROCHLORIDE',2,2.99),(213,'methylphenidate hydrochloride',7,19.99),(214,'arnica montana, msm',11,2.49),(215,'Clarithromycin',22,2.79),(216,'RIFAXIMIN',20,4.49),(217,'fentanyl',1,4.99),(218,'Hydrocortisone',7,8.99),(219,'OCTINOXATE and TITANIUM DIOXIDE',3,15.99),(220,'Olanzapine',4,5.49),(221,'ETHYL ALCOHOL',6,29.99),(222,'Lisinopril',18,39.99),(223,'hydrocortisone',3,3.49),(224,'Escitalopram',2,4.79),(225,'Orphenadrine Citrate',7,24.99),(226,'SELENIUM SULFIDE',19,29.99),(227,'Glycerin',4,3.49),(228,'Pyrithione Zinc',15,39.99),(229,'paroxetine hydrochloride',20,5.49),(230,'paclitaxel',4,12.99),(231,'pramoxine hydrochloride',13,24.99),(232,'Hemorrhoidal Rectal Suppositories',20,12.99),(233,'Acyclovir',21,3.99),(234,'Tamsulosin Hydrochloride',24,4.29),(235,'Lansoprazole',24,3.49),(236,'Buspirone Hydrochloride',21,24.99),(237,'ambrosia psilostachya pollen',15,14.99),(238,'Simvastatin',12,12.99),(239,'Diphenhydramine HCl',8,12.99),(240,'docusate sodium and sennosides',13,22.99),(241,'PREGABALIN',21,12.99),(242,'Olanzapine',13,39.99),(243,'DOG EPITHELIA',6,3.29),(244,'TRICLOSAN',6,39.99),(245,'Isopropyl Alcohol',3,129.99),(246,'fluocinolone acetonide',6,39.99),(247,'Ibuprofen',11,5.49),(248,'Red Maple',3,5.49),(249,'HYDROXYZINE PAMOATE',6,14.99),(250,'IBUPROFEN, METHYL SALICYLATE, MENTHOL, CAPSAICIN',10,3.99),(251,'Clopidogrel',11,9.99),(252,'Codeine Phosphate/Guaifenesin/Pseudoephedrine Hydrochloride',18,7.99),(253,'white petrolatum mineral oil',24,24.99),(254,'Metformin Hydrochloride',1,99.99),(255,'Ibuprofen',25,44.99),(256,'Aspergillus terreus',25,1.29),(257,'Cabbage',19,39.99),(258,'pegvisomant',23,2.49),(259,'aspirin',16,2.99),(260,'Treatment Set TS351312',8,79.99),(261,'Cefazolin Sodium',13,4.99),(262,'Trichothecium roseum',17,349.99),(263,'voriconazole',5,4.99),(264,'LYTTA VESICATORIA',7,79.99),(265,'omeprazole magnesium',24,29.99),(266,'Anticoagulant Citrate Phosphate Dextrose Adenine',2,69.99),(267,'Tree Mix 5',10,29.99),(268,'Triclosan',23,24.99),(269,'Primidone',3,19.99),(270,'Miconazole Nitrate',23,129.99),(271,'Carvedilol',23,3.79),(272,'Triclosan',12,2.49),(273,'Saline',20,39.99),(274,'Phenylephrine Hydrochloride and Fat, Hard',1,49.99),(275,'Oxygen',6,6.99),(276,'ESZOPICLONE',3,49.99),(277,'Velvet Grass',5,39.99),(278,'TRICLOSAN',24,199.99),(279,'Simethicone',14,3.99),(280,'isopropyl alcohol',13,34.99),(281,'Triclosan',5,19.99),(282,'Pyrithione zinc',4,39.99),(283,'Meloxicam',15,1.89),(284,'Titanium Dioxide, Zinc Oxide, and Octinoxate',12,49.99),(285,'Omeprazole',15,8.99),(286,'OCTINOXATE, OCTISALATE, OXYBENZONE, TITANIUM DIOXIDE',1,44.99),(287,'Guaifenesin',10,29.99),(288,'Trandolapril',17,34.99),(289,'lamotrigine extended release',3,5.49),(290,'Metformin Hydrochloride',18,5.99),(291,'MENTHOL',15,3.79),(292,'BACITRACIN ZINC, NEOMYCIN SULFATE, POLYMYXIN-B SULFATE, PRAMOXINE HYDROCHLORIDE',4,29.99),(293,'Hydralazine Hydrochloride',5,249.99),(294,'CICUTA VIROSA ROOT',24,2.99),(295,'Carvedilol',23,29.99),(296,'Dextromethorphan Hydrobromide / Guaifenesin',10,89.99),(297,'Mustard',4,6.99),(298,'Calcitriol',21,3.29),(299,'Phentermine Hydrochloride',17,7.99),(300,'Potassium Chloride and Dextrose Monohydrate',24,5.99),(301,'Benzethonium Chloride',4,29.99),(302,'AVOBENZONE, OCTOCRYLENE, OXYBENZONE',16,8.99),(303,'Aluminum Zirconium Tetrachlorohydrex GLY',8,5.99),(304,'Fentanyl Citrate',21,22.99),(305,'Levofloxacin',13,3.99),(306,'Bumetanide',4,14.99),(307,'Atomoxetine hydrochloride',6,15.99),(308,'Phenytoin',1,3.99),(309,'METFORMIN HYDROCHLORIDE',16,8.99),(310,'Triclosan',25,4.19),(311,'lomustine',2,15.99),(312,'carvedilol',5,49.99),(313,'MORPHINE SULFATE',9,129.99),(314,'ALUMINUM CHLOROHYDRATE',7,99.99),(315,'alcohol',19,5.99),(316,'Alcohol',2,19.99),(317,'Caffeine',10,19.99),(318,'ZINC ACETATE and ZINC GLUCONATE',18,39.99),(319,'Ibuprofen',21,3.29),(320,'Trazodone Hydrochloride',17,24.99),(321,'clobetasol propionate',24,2.49),(322,'PSEUDOEPHEDRINE HCL/GUAIFENESIN',9,24.99),(323,'Atenolol and Chlorthalidone',16,39.99),(324,'VANCOMYCIN HYDROCHLORIDE',16,22.99),(325,'Aspirin',7,69.99),(326,'fenofibrate',19,2.29),(327,'Aluminum Sesquichlorohydrate',22,1.99),(328,'BENZOYL PEROXIDE',20,4.49),(329,'Panthenol',13,89.99),(330,'Acyclovir',5,3.49),(331,'Ranitidine',14,39.99),(332,'Donepezil Hydrochloride',4,22.99),(333,'Isopropyl alcohol',8,22.99),(334,'Ondansetron',18,89.99),(335,'Ibuprofen',4,2.49),(336,'aspirin and dipyridamole',13,169.99),(337,'Bambusa Nicotiana',14,12.99),(338,'ACETAMINOPHEN, DEXTROMETHORPHAN HYDROBROMIDE, DOXYLAMINE SUCCINATE',8,22.99),(339,'MEGESTROL ACETATE',9,49.99),(340,'DEXTROSE MONOHYDRATE, SODIUM CHLORIDE, POTASSIUM ACETATE, and MAGNESIUM ACETATE',18,3.99),(341,'Clobetasol Propionate',10,19.99),(342,'TRICLOSAN',2,5.99),(343,'Ceftriaxone Sodium',11,6.29),(344,'Sertraline Hydrochloride',3,49.99),(345,'benzoyl peroxide',1,12.99),(346,'zinc oxide',1,19.99),(347,'Ethyl Alcohol',24,39.99),(348,'diltiazem',10,1.99),(349,'morphine sulfate',8,49.99),(350,'Paroxetine Hydrochloride',2,3.99),(351,'Cetirizine',8,26.99),(352,'capsaicin',9,2.79),(353,'Titanium Dioxide',14,2.99),(354,'Ibuprofen',5,14.99),(355,'Bryophyllum e fol. 5%',15,6.49),(356,'Dimethicone and Menthol',3,3.99),(357,'Benzoyl Peroxide',23,19.99),(358,'Baclofen',23,4.49),(359,'ARSENIC TRIOXIDE,RED CLOVER,PHYTOLACCA AMERICANA ROOT',5,39.99),(360,'Ibuprofen',11,1.99),(361,'Ketorolac Tromethamine',20,19.99),(362,'Loxapine',6,79.99),(363,'Ampicillin and Sulbactam',15,24.99),(364,'clofarabine',4,14.99),(365,'SERTRALINE HYDROCHLORIDE',18,27.99),(366,'Menthol',12,34.99),(367,'canagliflozin and metformin hydrochloride',23,29.99),(368,'Lansoprazole',18,3.79),(369,'Methyl Salicylate, Menthol and Capsaicin',22,2.29),(370,'thioridazine hydrochloride',1,19.99),(371,'Acetaminophen',9,179.99),(372,'Diltiazem Hydrochloride',8,49.99),(373,'Butalbital, Acetaminophen, and Caffeine',15,49.99),(374,'Carvedilol',3,39.99),(375,'Calcium carbonate',13,18.99),(376,'MENTHOL',15,11.99),(377,'fexofenadine hcl',8,19.99),(378,'follitropin',16,199.99),(379,'CHLOROXYLENOL',21,4.29),(380,'Losartan Potassium',22,49.99),(381,'Antipyrine and Benzocaine',3,8.99),(382,'Selenium Sulfide',12,29.99),(383,'Alcohol',23,99.99),(384,'IPECAC',14,12.99),(385,'Homosalate and Octinoxate and Octisalate and Avobenzone and Octocrylene',20,64.99),(386,'Ibuprofen',5,45),(387,'Oxymetazoline HCl',17,39.99),(388,'Saccharomyces cerevisiae',6,2.79),(389,'Undecylenic Acid',7,69.99),(390,'Iron Supplement',25,14.99),(391,'nevirapine',22,15.99),(392,'Treatment Set TS331794',23,34.99),(393,'ALFALFA, PHOSPHORUS, AVENA SATIVA, SELENIUM METALLICUM, AGNUS CASTUS, PHOSPHORICUM ACIDUM',16,24.99),(394,'Tramadol Hydrochloride',12,8.99),(395,'Nitrogen',4,3.99),(396,'diphenhydramine hydrochloride',12,4.49),(397,'Cinnamon',12,5.99),(398,'Carbon Dioxide Oxygen Mixture',1,19.99),(399,'risperidone',15,39.99),(400,'Elm, American Ulmus americana',8,5.49),(401,'Ibuprofen',2,15.99),(402,'Pyrithione Zinc',9,2.99),(403,'Acetaminophen, Dextromethorphan HBr, Doxylamine Succinate',22,2.49),(404,'ISOSORBIDE MONONITRATE',1,22.99),(405,'Dextromethorphan Hydrobromide, Guaifenesin',15,19.99),(406,'Lisinopril',9,49.95),(407,'DEXTROSE MONOHYDRATE, SODIUM CHLORIDE, and POTASSIUM CHLORIDE',21,3.99),(408,'MORPHINE SULFATE',16,14.99),(409,'Sodium Bicarbonate',7,4.59),(410,'Titanium Dioxide and Zinc Oxide',23,34.99),(411,'Repaglinide',20,29.99),(412,'HYDROQUINONE',16,44.99),(413,'Mulberry',2,5.99),(414,'Acetaminophen, Diphenhydramine HCl and Phenylephrine HCl',13,39.99),(415,'Fentanyl',23,45.99),(416,'mineral oil, petrolatum',20,5.99),(417,'liothyronine sodium',19,299.99),(418,'Lamotrigine',11,2.99),(419,'TRICHOPHYTON MENTAGROPHYTES',10,29.99),(420,'Miconazole nitrate',16,29.99),(421,'OCTINOXATE, OXYBENZONE, OCTISALATE, TITANIUM DIOXIDE',18,2.99),(422,'Crab Xiphosurus sowerbyi',14,5.49),(423,'Aspirin',13,14.99),(424,'Avobenzone, Octisalate, and Octocrylene',7,3.99),(425,'Aspirin',18,3.29),(426,'SODIUM FLUORIDE',5,3.99),(427,'LISINOPRIL AND HYDROCHLOROTHIAZIDE',13,34.99),(428,'Bacitracin Zinc and Polymyxin B Sulfate',23,49.99),(429,'Tolmetin Sodium',4,3.99),(430,'Anticavity Toothpaste',23,12.99),(431,'propafenone hydrochloride',20,10.99),(432,'Escitalopram',7,6.49),(433,'TRICLOSAN',21,119.99),(434,'White petrolatum',7,39.99),(435,'ARBUTIN, GLYCERIN',6,2.49),(436,'Benzalkonium chloride',14,1.99),(437,'ethyl alcohol',9,64.99),(438,'BROMPHENIRAMINE MALEATE and PSEUDOEPHEDRINE HYDROCHLORIDE',12,19.99),(439,'MENTHOL',15,9.49),(440,'Oxaprozin',18,3.49),(441,'OCTINOXATE',7,3.49),(442,'ofatumumab',20,24.99),(443,'ETHYL ALCOHOL',20,1.29),(444,'adapalene',8,14.99),(445,'Methylphenidate Hydrochloride',7,59.99),(446,'ESTROGENS, CONJUGATED',16,6.49),(447,'Diltiazem Hydrochloride',15,4.49),(448,'sumatriptan',17,3.99),(449,'BENZOCAINE',15,3.49),(450,'Hydroxyzine Hydrochloride',18,3.79),(451,'Paroxetine Hydrochloride',7,14.99),(452,'OCTINOXATE and TITANIUM DIOXIDE',16,39.99),(453,'Medroxyprogesterone Acetate',17,4.99),(454,'TOLNAFTATE',5,29.99),(455,'OXYGEN',11,10.99),(456,'trihexyphenidyl hydrochloride',9,34.99),(457,'Muscle and Joint Roll-On',10,59.99),(458,'Phytolacca decandra, Trifolium pratense, Xanthoxylum fraxineum, Arsenicum album,',5,49.99),(459,'Triclocarban',18,3.99),(460,'Dorzolamide HCl /Timolol Maleate',10,34.99),(461,'omega-3-acid ethyl esters A',15,2.79),(462,'Mitoxantrone Hydrochloride',23,1.5),(463,'Triclosan',8,149.99),(464,'ZINC OXIDE, OCTINOXATE, OCTISALATE',20,59.99),(465,'Molds - Mold Mix 4',20,3.99),(466,'Duloxetine',18,3.59),(467,'Megestrol Acetate',22,3.49),(468,'Standardized Grass Pollen, Redtop',17,4.29),(469,'Ibuprofen',24,29.99),(470,'Fluoride',8,8.99),(471,'Alprostadil',20,1.99),(472,'Ibuprofen',21,39.99),(473,'OCTINOXATE, OCTISALATE, OCTOCRYLENE, and TITANIUM DIOXIDE',9,4.99),(474,'Methylene Blue',21,18.99),(475,'Acetaminophen, Aspirin (NSAID) and Caffeine',6,30),(476,'Acetaminophen',25,199.99),(477,'Acetaminophen, Phenylephrine HCl, Chlorpheniramine maleate',12,24.99),(478,'Alcohol',7,2.99),(479,'Ropinirole Hydrochloride',13,3.99),(480,'TRICLOSAN',8,22.99),(481,'OXYBUTYNIN CHLORIDE',11,2.49),(482,'Nicotine Polacrilex',16,29.99),(483,'Melatonin',5,34.99),(484,'desmopressin acetate',22,899.99),(485,'ALCOHOL',19,109.99),(486,'Parakeet Feather',25,3.99),(487,'LIDOCAINE HYDROCHLORIDE',21,54.99),(488,'WHITE PETROLEUM',5,3.49),(489,'Potassium Acetate',5,14.99),(490,'Erythromycin',14,12.99),(491,'acetaminophen, aspirin, caffeine',11,29.99),(492,'OCTINOXATE, OCTISALATE, AVOBENZONE, OCTOCRYLENE',17,19.99),(493,'California Black Oak',8,2.49),(494,'balsalazide disodium',13,59.99),(495,'Diphenhydramine Hydrochloride',10,99.99),(496,'neomycin sulfate, polymyxin B sulfate and hydrocortisone',14,22.99),(497,'Raloxifene Hydrochloride',13,5.99),(498,'Clonidine Hydrochloride',19,59.99),(499,'Levothyroxine Sodium',21,39.99),(500,'Ribavirin',22,6.49),(501,'Octinoxate and Oxybenzone',3,299.99),(502,'Simvastatin',1,4.99),(503,'DOBUTAMINE HYDROCHLORIDE',9,24.99),(504,'ALLANTOIN',24,6.49),(505,'BUPROPION HYDROCHLORIDE',3,1.99),(506,'Acetaminophen, Chlorpheniramine maleate, Dextromethorphan HBr, Phenylephrine HCl',13,1.99),(507,'ALUMINUM HYDROXIDE, MAGNESIUM HYDROXIDE',19,12.99),(508,'California Black Oak',5,64.99),(509,'HOMOSALATE, OCTISALATE, AVOBENZONE, OXYBENZONE',20,4.49),(510,'risperidone',18,349.99),(511,'alprazolam',15,6.49),(512,'diltiazem hydrochloride',1,49.99),(513,'BACITRACIN',16,2.99),(514,'Titanium Dioxide',24,44.99),(515,'Ensulizole',3,6.49),(516,'Number Fourteen Grass Mixture',14,5.49),(517,'DEXTROMETHORPHAN HYDROBROMIDE, PHENYLEPHRINE HYDROCHLORIDE',8,79.99),(518,'Nicotine Polacrilex',20,29.99),(519,'Salicylic Acid',20,8.49),(520,'HYDROCODONE BITARTRATE and ACETAMINOPHEN',5,2.99),(521,'Avobenzone, Octinoxate, Octisalate, Oxybenzone',4,6.89),(522,'amoxicillin and clavulanate potassium',24,49.99),(523,'Allergena for Pets',22,29.99),(524,'Benzalkonium Chloride,Allantoin',13,12.99),(525,'enoxaparin sodium',12,39.99),(526,'Alcohol',24,4.99),(527,'Mirtazapine',7,15.99),(528,'famciclovir',11,2.99),(529,'Octisalate, Oxybenzone, Avobenzone and Homosalate.',12,29.99),(530,'nystatin',23,19.99),(531,'CHLOROXYLENOL',6,19.99),(532,'Carvedilol',8,4.29),(533,'Oxybutynin Chloride',21,39.99),(534,'propafenone hydrochloride',24,29.99),(535,'Black Birch',23,39.99),(536,'Hydralazine Hydrochloride',19,99.99),(537,'Levofloxacin',8,59.99),(538,'LEVOFLOXACIN',1,29.99),(539,'PHENAZOPYRIDINE HYDROCHLORIDE',16,99.99),(540,'Haloperidol',6,1.99),(541,'Calcium Acetate',24,6.99),(542,'Treatment Set TS329526',21,79.99),(543,'Erythromycin Ethylsuccinate',9,99.99),(544,'Acetaminophen',7,3.29),(545,'AMLODIPINE BESYLATE',23,4.49),(546,'OCTINOXATE and ZINC OXIDE',1,24.99),(547,'Promethazine Hydrochloride',9,12.99),(548,'LIDOCAINE HYDROCHLORIDE ANHYDROUS and EPINEPHRINE',20,2.99),(549,'Levothyroxine Sodium',4,5.49),(550,'levonorgestrel',16,2.49),(551,'OXYGEN',15,2.79),(552,'EUCALYPTUS GLOBULUS LEAF, MELALEUCA ALTERNIFOLIA LEAF',12,3.49),(553,'Lovastatin',12,79.99),(554,'ANALGESIC',4,2.49),(555,'AVOBENZONE, HOMOSALATE, OCTISALATE, OCTOCRYLENE',17,24.99),(556,'Benzocaine, Resorcinol',5,2.29),(557,'Morphine Sulfate',10,58.99),(558,'Sardine',21,59.99),(559,'TITANIUM DIOXIDE, OCTINOXATE, OCTISALATE, ZINC OXIDE',14,3.79),(560,'Penicillin V Potassium',7,2.39),(561,'Dexamethasone',13,3.29),(562,'Betamethasone Valerate',19,18.99),(563,'Nifedipine',17,249.99),(564,'Polyethylene Glycol-3350 and Electrolytes',3,2.99),(565,'Chlorpromazine Hydrochloride',16,99.99),(566,'Metformin Hydrochloride',13,2.99),(567,'Nitrogen',11,4.49),(568,'AMITRIPTYLINE HYDROCHLORIDE',19,49.99),(569,'ALCOHOL',14,29.99),(570,'Povidone-Iodine',5,3.59),(571,'leflunomide',6,7.99),(572,'CAMPHOR',20,3.29),(573,'Prednisone',25,39.99),(574,'HYDROCODONE BITARTRATE AND ACETAMINOPHEN',6,39.99),(575,'Chlorhexidine gluconate',9,5.99),(576,'Terbinafine Hydrochloride',5,2.49),(577,'Strophanthus Aurum Special Order',1,5.99),(578,'bosentan',5,3.49),(579,'TITANIUM DIOXIDE',6,6.99),(580,'Piperonyl Butoxide, Pyrethrum Extract',20,5.49),(581,'COPPER',24,89.99),(582,'Avobenzone 2.5%, Octinoxate 6%, Oxybenzone 3%',21,4.29),(583,'Extra Strength Itch Relief Continuous Spray',20,99.99),(584,'white petrolatum mineral oil',4,6.49),(585,'Aspirin',9,3.49),(586,'INTERFERON BETA-1A',12,39.99),(587,'dexamethasone',23,5.49),(588,'OTC Skin Protectant Drug Products',9,5.99),(589,'Nystatin',4,3.49),(590,'Magnesium hydroxide',20,32.99),(591,'Oxygen',5,39.99),(592,'propionibacterium acnes',4,2.49),(593,'Acetaminophen',18,129.99),(594,'Sepia',6,4.29),(595,'Red Alder',14,5.99),(596,'Methylprednisolone',14,1.29),(597,'Hand Sanitizer',10,19.99),(598,'Lovastatin',9,3.29),(599,'AURUM STIBIUM HYOSCYAMUS',20,4.99),(600,'ALCOHOL',10,44.99),(601,'Acetaminophen, Chlorpehniramine HCl, Dextromethorphan HBr, Phenylephrine HCl',4,22.99),(602,'Irbesartan and Hydrochlorothiazide',20,59.99),(603,'Griseofulvin',25,99.99),(604,'Pyrithione Zinc',5,149.99),(605,'Nicotine Polacrilex',1,39.99),(606,'Cefoxitin',6,2.29),(607,'Lovastatin',11,1.99),(608,'Octinoxate, Octisalate, Oxybenzone',15,44.99),(609,'OCTINOXATE',2,4.29),(610,'Phenol',20,2.29),(611,'Octinoxate and Titanium Dioxide',18,3.29),(612,'Octinoxate Avobenzone Octisalate',16,12.99),(613,'AVOBENZONE, OCTISALATE, HOMOSALATE, OCTOCRYLENE',16,89.99),(614,'escitalopram oxalate',24,49.99),(615,'Titanium Dioxide, Octinoxate',4,34.99),(616,'Prednisone',7,34.99),(617,'Sweet Potato',21,79.99),(618,'TITANIUM DIOXIDE',21,29.99),(619,'dalteparin sodium',10,7.99),(620,'Surgical hand scrub, General skin cleanser',10,22.99),(621,'Alcohol',9,5.49),(622,'Warfarin Sodium',4,3.99),(623,'ALEMTUZUMAB',6,7.99),(624,'Levothyroxine Sodium',1,22.99),(625,'acetaminophen, dextromethorphan HBr, guaifenesin, phenylephrine HCl',11,3.29),(626,'Human Immunoglobulin G',21,4.99),(627,'Privet',18,29.99),(628,'Hydrocortisone',3,22.99),(629,'Cilostazol',17,129.99),(630,'Pyrite 8',17,22.99),(631,'Mushroom',8,5.29),(632,'Quetiapine fumarate',19,6.99),(633,'PYRITHIONE ZINC',2,19.99),(634,'gadoterate meglumine',3,159.99),(635,'Ciprofloxacin',24,12.99),(636,'Octinoxate, Octisalate, Oxybenzone, and Titanium Dioxide',12,19.99),(637,'Titanium Dioxide 15%, Zinc Oxide 12%',17,7.49),(638,'Acetaminophen, Dextromethorphan HBr, Doxylamine Succinate',20,8.49),(639,'Cyanocobalamin, L-carnitine, Ornithine, Human chorionic gonadotropin,',15,2.49),(640,'Torsemide',24,29.99),(641,'Argentum Viscum',21,3.29),(642,'Titanium Dioxide, Octinoxate',12,4.19),(643,'nicotine polacrilex',15,22.99),(644,'Chloroxylenol',25,59.99),(645,'Hydrocodone Bitartrate and Acetaminophen',21,24.99),(646,'Piperonyl butoxide, Pyrethrum extract',15,1.29),(647,'Levothyroxine Sodium',18,2.99),(648,'disopyramide phosphate',11,59.99),(649,'OCTINOXATE, Titanium Dioxide, Octocrylene, AVOBENZONE',3,24.99),(650,'Divalproex Sodium',11,3.29),(651,'Brome Grass',17,59.99),(652,'Guaifenesin',18,2.49),(653,'BENZALKONIUM CHLORIDE',24,6.99),(654,'acetaminophen, dextromethorphan Hydrobromide, Phenylephrine Hydrochloride',15,39.99),(655,'Tree Mix 5',9,29.99),(656,'benztropine mesylate',22,2.49),(657,'liothyronine sodium',18,34.99),(658,'metolazone',23,39.99),(659,'Salicylic Acid',25,8.49),(660,'Glycerin',12,2.49),(661,'ACETAMINOPHEN AND DIPHENHYDRAMINE HYDROCHLORIDE',5,3.59),(662,'HYDROXYZINE PAMOATE',20,4.19),(663,'NABUMETONE',3,39.99),(664,'Phendimetrazine Tartrate',18,29.99),(665,'oxygen',7,19.99),(666,'Ampicillin Sodium and Sulbactam Sodium',2,4.19),(667,'Alcohol',6,5.29),(668,'GABAPENTIN',6,6.99),(669,'Glipizide',9,19.99),(670,'Carvedilol',19,89.99),(671,'PETROLATUM',14,3.99),(672,'Canary Grass',2,2.99),(673,'levothyroxine sodium',16,3.99),(674,'CLOPIDOGREL BISULFATE',7,69.99),(675,'Lansoprazole',25,39.99),(676,'ampicillin',2,5.49),(677,'CALCIUM SILICATE',22,3.49),(678,'Simvastatin',5,19.99),(679,'ESTROGENS, CONJUGATED',16,3.79),(680,'Levofloxacin',7,34.99),(681,'bacitracin zinc, neomycin sulfate, polymyxin b sulfate',21,34.99),(682,'Dextromethorphan Hydrobromide, Guaifenesin',1,29.99),(683,'Schinus molle',24,89.99),(684,'Baryta carbonica, Belladonna atropa, Phytolacca decandra',25,22.99),(685,'Phentermine Hydrochloride',16,34.99),(686,'Guaifenesin',15,49.95),(687,'Zinc Oxide',9,15.99),(688,'Rash Prevention Cream',20,1.79),(689,'METHYL SALICYLATE MENTHOL CAPSAICIN LIDOCAINE',18,19.99),(690,'Panthenol',16,39.99),(691,'Human Cytomegalovirus Immune Globulin',19,24.99),(692,'Red Maple',1,2.29),(693,'Gabapentin',12,59.99),(694,'Berberis vulg, Calc carb, Cantharis, Lycopodium, Belladonna',4,39.99),(695,'clonazepam',6,29.99),(696,'Desmopressin Acetate',3,2.79),(697,'Naproxen Sodium',18,4.89),(698,'diclofenac',23,4.99),(699,'Hydrochlorothiazide',12,39.99),(700,'Avobenzone, Ensulizole, Octisalate, Octocrylene, and Oxybenzone',7,49.99),(701,'Acetaminophen, Dextromethorphan HBr, Doxylamine Succinate',15,25),(702,'Levetiracetam',24,8.99),(703,'Aspergillus fumigatus',10,59.99),(704,'Acetaminophen',2,5.99),(705,'NEOMYCIN AND POLYMYXIN B SULFATES AND BACITRACIN ZINC',25,4.99),(706,'PHELLINUS LINTEUS MYCELIUM',1,29.99),(707,'Bismuth Subsalicylate',11,3.59),(708,'Lidocaine',9,2.79),(709,'Cottonwood Western',10,1.99),(710,'OCTISALATE, OCTINOXATE, ZINC OXIDE',25,1.99),(711,'Oxygen',2,2.99),(712,'Coffea cruda',5,8.99),(713,'ziprasidone hydrochloride',25,1.79),(714,'Donepezil Hydrochloride',14,3.29),(715,'TITANIUM DIOXIDE',12,2.99),(716,'indomethacin',12,2.29),(717,'Acetaminophen, Chlorpheniramine maleate, Phenylephrine HCl',6,4.49),(718,'Fluconazole',19,39.99),(719,'Gabapentin',20,89.99),(720,'Magesium Citrate',11,27.99),(721,'Acetaminophen',25,4.49),(722,'Glyburide and Metformin',25,15.99),(723,'Divalproex Sodium',14,59.99),(724,'Pullularia pullulans',18,9.99),(725,'Citalopram',8,79.99),(726,'Guaifenesin and Codeine Phosphate',11,1.29),(727,'LIDOCAINE HYDROCHLORIDE',2,39.99),(728,'Oxygen',25,149.99),(729,'Cevimeline Hydrochloride',18,2.49),(730,'OCTISALATE, HOMOSALATE, AVOBENZONE, OXYBENZONE',4,4.99),(731,'acetic acid',15,3.99),(732,'Mulberry',20,3.99),(733,'HYPROMELLOSE 2208 (15000 MPA.S)',5,29.99),(734,'Acetaminophen',16,39.99),(735,'Dexamethasone',19,22.99),(736,'triazolam',18,19.99),(737,'BENZALKONIUM CHLORIDE',25,29.99),(738,'DOG EPITHELIA',19,9.99),(739,'LIFTING FIRMING DAY FLUID',10,3.29),(740,'dextromethorphan polistirex',6,4.29),(741,'Lorazepam',1,4.29),(742,'meloxicam',17,39.99),(743,'VENLAFAXINE HYDROCHLORIDE',9,2.49),(744,'buprenorphine hydrochloride, naloxone hydrochloride',9,49.99),(745,'Nettle Pollen',3,1.79),(746,'ISodium Chloride',5,8.99),(747,'Trandolapril and Verapamil Hydrochloride',12,2.79),(748,'Cetirizine Hydrochloride',24,9.99),(749,'levetiracetam',18,69.99),(750,'Milrinone Lactate',22,8.99),(751,'Naproxen',25,5.99),(752,'Anti Itch Cream',9,1.99),(753,'Loratadine',2,2.99),(754,'norgestimate and ethinyl estradiol',6,24.99),(755,'Risperidone',16,15.99),(756,'Acacia',22,1.99),(757,'ACONITUM NAPELLUS',19,3.49),(758,'zolpidem tartrate',2,1.79),(759,'Montelukast Sodium',17,14.99),(760,'adapalene and benzoyl peroxide',6,8.49),(761,'Progesterone',24,69.99),(762,'Burr Oak',9,3.29),(763,'Trandolapril and Verapamil Hydrochloride',20,29.99),(764,'Pseudoephedrine HCl',6,19.99),(765,'METOPROLOL TARTRATE',20,3.99),(766,'ALCOHOL',17,19.99),(767,'Periodontium Quartz',18,10.99),(768,'Mexican Tea Pollen',13,3.49),(769,'Diphenhydramine HCl',23,4.29),(770,'Simethicone',6,24.99),(771,'Not applicable',7,8.99),(772,'DOXEPIN HYDROCHLORIDE',18,25.99),(773,'Treatment Set TS335657',9,2.59),(774,'fluocinolone acetonide',15,29.99),(775,'dactinomycin',19,34.99),(776,'CLADOSPORIUM SPHAEROSPERMUM',18,1.5),(777,'penicillin G potassium',14,5.49),(778,'Penicillin V Potasium',5,3.49),(779,'Levetiracetam',7,18.99),(780,'Dextromethorphan HBr',20,119.99),(781,'ENALAPRIL MALEATE',25,5.99),(782,'Dorzolamide HCl',6,3.99),(783,'Phenylephrine Hydrochloride',2,2.49),(784,'Apis Belladonna',13,15.99),(785,'Brome, Smooth Bromus inermis',20,39.99),(786,'camphor, menthol',3,7.99),(787,'OXYGEN',6,34.99),(788,'Warfarin Sodium',11,199.99),(789,'aluminum hydroxide, magnesium hydroxide, simethicone',7,15.99),(790,'oxycodone hydrochloride',24,5.99),(791,'AZITHROMYCIN',9,24.99),(792,'clozapine',11,39.99),(793,'Fluoxetine Hydrochloride',2,29.99),(794,'Carisoprodol',8,3.59),(795,'Benzocaine',10,29.99),(796,'Octinoxate and Oxybenzone',17,15.99),(797,'Ethyl Alcohol',18,2.99),(798,'Joint Booster',8,25),(799,'Aluminum Sesquichlorohydrate',12,18.99),(800,'Alcohol',12,4.19),(801,'OCTINOXATE, OCTOCRYLENE, TITANIUM DIOXIDE, OXYBENZONE, ENSULIZOLE',3,6.49),(802,'Eucalyptol, Thymol, Methyl Salicylate, Menthol',6,59.99),(803,'not applicable',4,3.29),(804,'Hydromorphone HCl',21,5.49),(805,'Shrimp',13,59.99),(806,'Amoxicillin and Clavulanate Potassium',6,3.49),(807,'Aspirin',20,4.49),(808,'piperacillin sodium and tazobactam sodium',16,2.99),(809,'OCTINOXATE, TITANIUM DIOXIDE',7,7.99),(810,'ESZOPICLONE',11,199.99),(811,'Zolpidem Tartrate',24,4.19),(812,'BENZALKONIUM CHLORIDE',5,2.49),(813,'PENTOXIFYLLINE',1,39.99),(814,'prednisolone sodium phosphate',11,49.99),(815,'doxycycline hyclate',5,3.49),(816,'Metoprolol Tartrate',4,39.99),(817,'Ciprofloxacin',9,5.99),(818,'OCTINOXATE, OCTISALATE, TITANIUM DIOXIDE',23,1.49),(819,'Naproxen sodium',10,199.99),(820,'Benzoyl Peroxide',13,3.29),(821,'TITANIUM DIOXIDE, ZINC OXIDE',1,129.99),(822,'Topiramate',20,4.99),(823,'Ketotifen Fumarate',8,49.99),(824,'Diphenhydramine Hydrochloride and Phenylephrine Hydrochloride',17,149.99),(825,'Dimethicone',4,2.99),(826,'Octinoxate',1,89.99),(827,'Ibuprofen',24,4.29),(828,'Treatment Set TS331258',13,39.99),(829,'Naltrexone Hydrochloride',14,34.99),(830,'prednisone',20,79.99),(831,'NICOTINE',11,59.99),(832,'Cetirizine HCl',10,5.99),(833,'Erythromycin Stearate',7,49.99),(834,'DIOSCOREA VILLOSA',25,24.99),(835,'Pyrithione Zinc',9,1.99),(836,'Propranolol Hydrochloride',17,5.99),(837,'Doxylamine succinate',9,5.99),(838,'CARBON DIOXIDE',21,19.99),(839,'Bacitracin Lidocaine',9,299.99),(840,'HOMOSALATE OCTINOXATE OCTISALATE OXYBENZONE',14,2.49),(841,'Triclosan',24,1.89),(842,'Trimipramine Maleate',12,22.99),(843,'Chlordiazepoxide Hydrochloride',5,8.99),(844,'Zinc Oxide',5,15.99),(845,'Paroxetine Hydrochloride',24,5.99),(846,'acetaminophen, chlorpheniramine maleate, phenylephrine HCl',4,2.49),(847,'Acetaminophen,Phenylephrine HCl, Chlorpheniramine maleate',20,3.99),(848,'SILICON DIOXIDE',4,2.59),(849,'Sodium Monofluorophosphate, Zinc Citrate Trihydrate, and Potassium Nitrate',17,5.49),(850,'Gabapentin',3,24.99),(851,'Naproxen',22,99.99),(852,'AVOBENZONE, OCTINOXATE, and OCTISALATE',3,4.49),(853,'Sodium Bicarbonate',4,4.99),(854,'indinavir sulfate',15,19.99),(855,'Warfarin Sodium',7,4.29),(856,'Ibuprofen',4,4.99),(857,'OXYGEN',24,25.99),(858,'Diazepam',11,1.89),(859,'Topiramate',22,39.99),(860,'FEXOFENADINE HYDROCHLORIDE',10,12.99),(861,'Triclosan',7,19.99),(862,'fenofibrate',12,5.99),(863,'Alendronate Sodium',14,12.99),(864,'Acetaminophen, Diphenhydramine HCl',5,6.99),(865,'Mycophenolate Mofetil',11,4.29),(866,'Natural Medicine',9,8.99),(867,'BERBERIS VULGARIS ROOT BARK, CITRULLUS COLOCYNTHIS FRUIT PULP and VERATRUM ALBUM ROOT',12,24.99),(868,'nicotine polacrilex',19,29.99),(869,'rizatriptan benzoate',18,12.99),(870,'desipramine hydrochloride',2,5.99),(871,'Dextromethorphan HBr, Guaifenesin',16,29.99),(872,'Methylphenidate hydrochloride',4,6.29),(873,'Duloxetine hydrochloride',21,24.99),(874,'Titanium Dioxide and Zinc Oxide',21,6.29),(875,'Diphenhydramine HCl, Zinc Acetate',14,3.59),(876,'Avocado',24,49.99),(877,'simvastatin',1,2.89),(878,'Trazodone Hydrochloride',15,19.99),(879,'Bupropion Hydrochloride',5,5.99),(880,'Sertraline',20,7.99),(881,'OCTINOXATE, OCTISALATE, TITANIUM DIOXIDE',10,1.99),(882,'Sodium fluoride',14,2.29),(883,'Acetaminophen',21,54.99),(884,'Water Hemp',13,6.99),(885,'Ibuprofen',20,19.99),(886,'ketorolac tromethamine',9,15.99),(887,'Misoprostol',4,3.99),(888,'Fenofibrate',8,3.49),(889,'Acetaminophen',21,2.49),(890,'Calcium carbonate',21,2.49),(891,'Carvedilol',5,58.99),(892,'Amlodipine Besylate',13,4.29),(893,'CIPROFLOXACIN',5,4.49),(894,'Dextromethorphan Hydrobromide, Guaifenesin, Phenylephrine Hydrochloride',13,49.99),(895,'GLYCERIN',2,2.79),(896,'Natural Medicine',2,2.29),(897,'ARIPIPRAZOLE',15,34.99),(898,'Pine Australian Beefwood',15,2.99),(899,'Hydrogen Peroxide',14,89.99),(900,'Oxymetazoline HCl',5,1.29),(901,'Acetaminophen',25,2.79),(902,'CLONAZEPAM',11,89.99),(903,'Aspirin, Caffeine, and Dihydrocodeine Bitartrate',9,89.99),(904,'clotrimazole',4,99.99),(905,'Aluminum Zirconium Tetrachlorohydrex GLY',12,7.99),(906,'ENALAPRIL MALEATE',19,29.99),(907,'Lidocaine',10,3.29),(908,'LIDOCAINE HYDROCHLORIDE ANHYDROUS and DEXTROSE MONOHYDRATE',23,3.79),(909,'IPECAC',3,15.49),(910,'AVOBENZONE, HOMOSALATE, and OCTISALATE',17,12.99),(911,'Symphytum Officinale, Capsicum Annuum, Ledum Palustre, Colchicum Autumnale, Rhododendron Chrysanthum',21,24.99),(912,'Metformin Hydrochloride',12,3.29),(913,'DIGOXIN',15,22.99),(914,'Bisacodyl',8,3.99),(915,'SULINDAC',4,3.79),(916,'Mitomycin',15,19.99),(917,'Atenolol',4,3.29),(918,'levothyroxine sodium',10,25.99),(919,'Metoclopramide Hydrochloride',15,6.99),(920,'Aluminum Zirconium Trichlorohydrex Gly',8,2.99),(921,'Palmers Amaranth',10,59.99),(922,'Gabapentin',22,29.99),(923,'captopril and hydrochlorothiazide',19,39.99),(924,'ALCOHOL',22,19.99),(925,'Cromolyn Sodium',6,2.99),(926,'TRAZODONE HYDROCHLORIDE, CHOLINE',4,5.49),(927,'TITANIUM DIOXIDE',15,4.29),(928,'CEFTRIAXONE',21,29.99),(929,'ALCOHOL',3,2.99),(930,'Benazepril Hydrochloride and Hydrochlorothiazide',20,1.99),(931,'Saltbush',24,2.49),(932,'armodafinil',8,14.99),(933,'ENALAPRIL MALEATE',16,3.99),(934,'Famciclovir',19,8.99),(935,'Ibuprofen',6,4.99),(936,'Ciclopirox',5,29.99),(937,'omeprazole',24,79.99),(938,'Magesium Citrate',5,4.19),(939,'DIPHENHYDRAMINE HYDROCHLORIDE, PHENYLEPHRINE HYDROCHLORIDE',17,59.99),(940,'Oxygen',9,22.99),(941,'benazepril hydrochloride and hydrochlorothiazide',23,4.99),(942,'Arizona Cypress',19,22.99),(943,'ACETAMINOPHEN, DEXTROMETHORPHAN HYDROBROMIDE, DOXYLAMINE SUCCINATE',5,29.99),(944,'Isoniazid',8,19.99),(945,'Guaifenesin and Dextromethorphan Hydrobromide',6,20.99),(946,'AVOBENZONE, HOMOSALATE, OCTISALATE, OCTOCRYLENE, OXYBENZONE',17,3.99),(947,'Venlafaxine Hydrochloride',23,4.29),(948,'Oxymorphone Hydrochloride',15,14.99),(949,'ALLANTOIN AND DIMETHICONE',15,2.29),(950,'AVOBENZONE OCTINOXATE OXYBENZONE',17,2.99),(951,'Treatment Set TS342034',13,22.99),(952,'Oxymetazoline HCl',5,3.49),(953,'Simethicone',17,5.99),(954,'Penicillium notatum',4,5.99),(955,'Nisoldipine',25,2.89),(956,'Lisinopril and Hydrochlorothiazide',22,29.99),(957,'MIRTAZAPINE',15,3.49),(958,'Bacitracin',10,6.99),(959,'Salicylic Acid',4,5.99),(960,'Metoprolol Succinate',19,29.99),(961,'Diclofenac Sodium and Misoprostol',8,4.99),(962,'Calendula officinalis, Nux vomica, Silicea,',17,3.49),(963,'Acyclovir',17,29.99),(964,'escitalopram oxalate',9,2.79),(965,'Hydroxyzine Hydrochloride',17,2.79),(966,'Phendimetrazine Tartrate',11,4.99),(967,'Acetaminophen, Dextromethorphan Hydrobromide, Phenylephrine Hydrochloride',10,89.99),(968,'diltiazem hydrochloride',2,3.29),(969,'Fluoxetine Hydrochloride',11,1.99),(970,'Dill',18,89.99),(971,'CENTELLA ASIATICA',8,39.99),(972,'Warfarin Sodium',25,3.29);
/*!40000 ALTER TABLE `generic_drug` ENABLE KEYS */;
UNLOCK TABLES;

--
-- Table structure for table `purchase`
--

DROP TABLE IF EXISTS `purchase`;
/*!40101 SET @saved_cs_client     = @@character_set_client */;
/*!50503 SET character_set_client = utf8mb4 */;
CREATE TABLE `purchase` (
  `id` int NOT NULL AUTO_INCREMENT,
  `client_id` int NOT NULL,
  `purchase_date` datetime NOT NULL,
  PRIMARY KEY (`id`),
  KEY `client_id` (`client_id`),
  CONSTRAINT `purchase_ibfk_1` FOREIGN KEY (`client_id`) REFERENCES `cliente` (`id`)
) ENGINE=InnoDB AUTO_INCREMENT=1001 DEFAULT CHARSET=utf8mb4 COLLATE=utf8mb4_0900_ai_ci;
/*!40101 SET character_set_client = @saved_cs_client */;

--
-- Dumping data for table `purchase`
--

LOCK TABLES `purchase` WRITE;
/*!40000 ALTER TABLE `purchase` DISABLE KEYS */;
INSERT INTO `purchase` VALUES (1,372,'2024-08-03 00:00:00'),(2,782,'2023-12-30 00:00:00'),(3,803,'2024-01-06 00:00:00'),(4,235,'2025-03-12 00:00:00'),(5,712,'2024-11-26 00:00:00'),(6,441,'2024-04-30 00:00:00'),(7,402,'2024-09-07 00:00:00'),(8,456,'2024-03-01 00:00:00'),(9,359,'2025-01-20 00:00:00'),(10,506,'2024-11-06 00:00:00'),(11,473,'2025-05-11 00:00:00'),(12,438,'2025-01-02 00:00:00'),(13,426,'2024-11-03 00:00:00'),(14,605,'2025-01-19 00:00:00'),(15,342,'2023-12-03 00:00:00'),(16,666,'2024-06-14 00:00:00'),(17,96,'2024-11-25 00:00:00'),(18,386,'2024-09-02 00:00:00'),(19,143,'2024-05-15 00:00:00'),(20,524,'2023-12-20 00:00:00'),(21,321,'2024-03-29 00:00:00'),(22,221,'2025-05-20 00:00:00'),(23,145,'2025-02-06 00:00:00'),(24,133,'2024-01-08 00:00:00'),(25,701,'2023-12-12 00:00:00'),(26,245,'2024-07-10 00:00:00'),(27,473,'2024-11-02 00:00:00'),(28,756,'2024-01-07 00:00:00'),(29,813,'2025-04-11 00:00:00'),(30,680,'2024-11-09 00:00:00'),(31,48,'2025-01-16 00:00:00'),(32,569,'2024-05-27 00:00:00'),(33,765,'2025-03-27 00:00:00'),(34,740,'2025-05-05 00:00:00'),(35,667,'2024-10-08 00:00:00'),(36,615,'2023-12-06 00:00:00'),(37,170,'2024-09-19 00:00:00'),(38,482,'2024-11-09 00:00:00'),(39,448,'2024-01-04 00:00:00'),(40,38,'2024-10-06 00:00:00'),(41,568,'2024-04-20 00:00:00'),(42,136,'2024-02-16 00:00:00'),(43,256,'2024-11-27 00:00:00'),(44,122,'2024-02-05 00:00:00'),(45,553,'2023-12-09 00:00:00'),(46,572,'2024-10-27 00:00:00'),(47,617,'2025-02-03 00:00:00'),(48,77,'2024-02-22 00:00:00'),(49,609,'2024-12-31 00:00:00'),(50,812,'2023-12-29 00:00:00'),(51,530,'2024-01-17 00:00:00'),(52,463,'2023-12-06 00:00:00'),(53,283,'2025-04-10 00:00:00'),(54,684,'2025-03-14 00:00:00'),(55,763,'2025-01-08 00:00:00'),(56,187,'2024-09-09 00:00:00'),(57,159,'2023-12-05 00:00:00'),(58,348,'2024-02-19 00:00:00'),(59,103,'2024-07-24 00:00:00'),(60,574,'2024-01-05 00:00:00'),(61,677,'2025-02-02 00:00:00'),(62,149,'2024-03-14 00:00:00'),(63,536,'2024-01-20 00:00:00'),(64,523,'2024-07-18 00:00:00'),(65,130,'2024-10-09 00:00:00'),(66,649,'2025-04-17 00:00:00'),(67,13,'2025-04-20 00:00:00'),(68,218,'2023-12-21 00:00:00'),(69,603,'2025-04-19 00:00:00'),(70,432,'2024-01-09 00:00:00'),(71,49,'2024-07-09 00:00:00'),(72,739,'2025-05-20 00:00:00'),(73,596,'2024-04-06 00:00:00'),(74,34,'2025-03-16 00:00:00'),(75,630,'2024-02-07 00:00:00'),(76,293,'2025-03-04 00:00:00'),(77,655,'2024-11-18 00:00:00'),(78,564,'2024-05-10 00:00:00'),(79,30,'2024-03-07 00:00:00'),(80,149,'2025-01-18 00:00:00'),(81,13,'2025-04-27 00:00:00'),(82,1,'2024-11-11 00:00:00'),(83,586,'2024-11-15 00:00:00'),(84,465,'2025-01-28 00:00:00'),(85,205,'2024-06-16 00:00:00'),(86,455,'2025-03-12 00:00:00'),(87,437,'2025-04-07 00:00:00'),(88,225,'2025-03-20 00:00:00'),(89,654,'2025-01-07 00:00:00'),(90,586,'2024-05-25 00:00:00'),(91,688,'2025-04-12 00:00:00'),(92,241,'2025-03-28 00:00:00'),(93,506,'2024-08-18 00:00:00'),(94,514,'2025-03-02 00:00:00'),(95,627,'2025-04-13 00:00:00'),(96,115,'2024-09-06 00:00:00'),(97,658,'2024-12-07 00:00:00'),(98,302,'2025-01-24 00:00:00'),(99,71,'2025-04-07 00:00:00'),(100,672,'2024-07-21 00:00:00'),(101,83,'2025-01-10 00:00:00'),(102,112,'2025-05-05 00:00:00'),(103,13,'2024-01-18 00:00:00'),(104,35,'2024-11-13 00:00:00'),(105,622,'2024-12-10 00:00:00'),(106,674,'2024-12-19 00:00:00'),(107,551,'2024-06-12 00:00:00'),(108,342,'2024-12-27 00:00:00'),(109,177,'2025-03-08 00:00:00'),(110,1,'2024-09-16 00:00:00'),(111,613,'2025-04-18 00:00:00'),(112,414,'2024-08-27 00:00:00'),(113,10,'2025-01-29 00:00:00'),(114,79,'2024-05-04 00:00:00'),(115,141,'2025-04-17 00:00:00'),(116,1,'2024-06-05 00:00:00'),(117,158,'2024-05-16 00:00:00'),(118,21,'2024-09-07 00:00:00'),(119,166,'2024-09-03 00:00:00'),(120,32,'2025-04-16 00:00:00'),(121,575,'2024-04-16 00:00:00'),(122,214,'2024-03-10 00:00:00'),(123,152,'2024-11-25 00:00:00'),(124,400,'2024-09-14 00:00:00'),(125,620,'2024-05-22 00:00:00'),(126,747,'2024-06-14 00:00:00'),(127,236,'2024-04-27 00:00:00'),(128,402,'2024-11-03 00:00:00'),(129,416,'2024-07-09 00:00:00'),(130,220,'2024-08-12 00:00:00'),(131,221,'2024-11-08 00:00:00'),(132,506,'2024-03-23 00:00:00'),(133,410,'2024-05-08 00:00:00'),(134,374,'2024-04-20 00:00:00'),(135,110,'2024-04-28 00:00:00'),(136,385,'2024-04-22 00:00:00'),(137,448,'2024-02-01 00:00:00'),(138,227,'2024-04-15 00:00:00'),(139,502,'2025-05-05 00:00:00'),(140,806,'2025-03-16 00:00:00'),(141,212,'2024-06-01 00:00:00'),(142,425,'2024-10-26 00:00:00'),(143,283,'2024-11-18 00:00:00'),(144,694,'2025-01-12 00:00:00'),(145,2,'2024-10-07 00:00:00'),(146,496,'2023-12-07 00:00:00'),(147,468,'2024-08-30 00:00:00'),(148,366,'2024-05-17 00:00:00'),(149,85,'2024-09-13 00:00:00'),(150,2,'2024-08-04 00:00:00'),(151,415,'2024-08-17 00:00:00'),(152,88,'2024-10-02 00:00:00'),(153,285,'2024-08-28 00:00:00'),(154,577,'2024-10-21 00:00:00'),(155,397,'2024-01-02 00:00:00'),(156,252,'2024-01-12 00:00:00'),(157,533,'2024-11-21 00:00:00'),(158,689,'2025-01-31 00:00:00'),(159,124,'2024-05-11 00:00:00'),(160,362,'2025-01-06 00:00:00'),(161,776,'2024-04-27 00:00:00'),(162,88,'2024-11-05 00:00:00'),(163,488,'2024-01-14 00:00:00'),(164,368,'2024-12-08 00:00:00'),(165,556,'2024-12-10 00:00:00'),(166,345,'2024-01-28 00:00:00'),(167,194,'2024-12-20 00:00:00'),(168,740,'2025-01-06 00:00:00'),(169,200,'2024-06-20 00:00:00'),(170,348,'2024-04-12 00:00:00'),(171,281,'2025-02-13 00:00:00'),(172,557,'2024-04-25 00:00:00'),(173,792,'2024-03-10 00:00:00'),(174,732,'2024-04-18 00:00:00'),(175,760,'2024-09-21 00:00:00'),(176,786,'2025-02-20 00:00:00'),(177,684,'2024-08-15 00:00:00'),(178,191,'2025-04-28 00:00:00'),(179,574,'2025-01-03 00:00:00'),(180,801,'2024-10-13 00:00:00'),(181,586,'2024-12-13 00:00:00'),(182,671,'2025-01-23 00:00:00'),(183,564,'2024-05-20 00:00:00'),(184,498,'2025-05-17 00:00:00'),(185,181,'2024-11-24 00:00:00'),(186,500,'2025-04-17 00:00:00'),(187,183,'2024-04-14 00:00:00'),(188,185,'2024-10-01 00:00:00'),(189,639,'2024-01-15 00:00:00'),(190,596,'2025-01-27 00:00:00'),(191,176,'2024-03-20 00:00:00'),(192,83,'2024-06-15 00:00:00'),(193,41,'2024-07-29 00:00:00'),(194,180,'2024-09-03 00:00:00'),(195,519,'2024-07-07 00:00:00'),(196,59,'2024-05-01 00:00:00'),(197,128,'2025-05-12 00:00:00'),(198,210,'2025-04-08 00:00:00'),(199,763,'2024-06-18 00:00:00'),(200,689,'2024-03-01 00:00:00'),(201,238,'2024-04-29 00:00:00'),(202,697,'2024-01-16 00:00:00'),(203,224,'2024-01-12 00:00:00'),(204,390,'2024-05-18 00:00:00'),(205,33,'2024-07-25 00:00:00'),(206,427,'2024-10-23 00:00:00'),(207,77,'2024-08-05 00:00:00'),(208,387,'2024-05-06 00:00:00'),(209,172,'2024-07-01 00:00:00'),(210,454,'2025-01-26 00:00:00'),(211,530,'2024-12-03 00:00:00'),(212,269,'2024-07-01 00:00:00'),(213,124,'2025-03-06 00:00:00'),(214,199,'2024-04-15 00:00:00'),(215,324,'2024-02-08 00:00:00'),(216,469,'2024-04-29 00:00:00'),(217,471,'2025-01-31 00:00:00'),(218,451,'2024-10-14 00:00:00'),(219,111,'2024-04-22 00:00:00'),(220,554,'2024-09-22 00:00:00'),(221,75,'2024-02-12 00:00:00'),(222,444,'2024-04-29 00:00:00'),(223,85,'2024-04-16 00:00:00'),(224,250,'2024-07-25 00:00:00'),(225,805,'2024-01-31 00:00:00'),(226,85,'2024-01-02 00:00:00'),(227,77,'2024-10-15 00:00:00'),(228,12,'2024-12-27 00:00:00'),(229,92,'2024-06-22 00:00:00'),(230,673,'2024-07-01 00:00:00'),(231,676,'2024-03-19 00:00:00'),(232,496,'2024-12-15 00:00:00'),(233,602,'2024-06-02 00:00:00'),(234,699,'2024-07-03 00:00:00'),(235,89,'2024-07-28 00:00:00'),(236,798,'2025-03-04 00:00:00'),(237,389,'2024-03-08 00:00:00'),(238,729,'2024-06-15 00:00:00'),(239,461,'2023-12-26 00:00:00'),(240,153,'2024-03-22 00:00:00'),(241,730,'2024-03-20 00:00:00'),(242,251,'2024-06-12 00:00:00'),(243,416,'2025-01-14 00:00:00'),(244,631,'2024-05-19 00:00:00'),(245,339,'2025-01-12 00:00:00'),(246,105,'2024-08-23 00:00:00'),(247,640,'2024-01-14 00:00:00'),(248,412,'2024-01-31 00:00:00'),(249,575,'2024-06-23 00:00:00'),(250,751,'2024-07-12 00:00:00'),(251,400,'2025-05-13 00:00:00'),(252,642,'2025-02-03 00:00:00'),(253,67,'2024-05-09 00:00:00'),(254,470,'2024-05-28 00:00:00'),(255,139,'2024-04-04 00:00:00'),(256,467,'2024-02-12 00:00:00'),(257,568,'2024-06-20 00:00:00'),(258,365,'2024-10-28 00:00:00'),(259,178,'2024-04-01 00:00:00'),(260,420,'2024-03-03 00:00:00'),(261,336,'2025-04-09 00:00:00'),(262,232,'2024-10-25 00:00:00'),(263,641,'2025-04-12 00:00:00'),(264,606,'2024-11-21 00:00:00'),(265,387,'2024-11-11 00:00:00'),(266,500,'2024-11-24 00:00:00'),(267,809,'2024-03-14 00:00:00'),(268,416,'2025-04-13 00:00:00'),(269,447,'2024-12-26 00:00:00'),(270,56,'2024-11-04 00:00:00'),(271,521,'2025-02-19 00:00:00'),(272,150,'2024-11-11 00:00:00'),(273,271,'2024-11-15 00:00:00'),(274,1,'2024-07-09 00:00:00'),(275,720,'2025-01-18 00:00:00'),(276,14,'2024-07-11 00:00:00'),(277,760,'2025-01-14 00:00:00'),(278,606,'2024-12-12 00:00:00'),(279,404,'2024-09-05 00:00:00'),(280,123,'2025-05-05 00:00:00'),(281,329,'2025-01-09 00:00:00'),(282,344,'2024-10-29 00:00:00'),(283,763,'2024-10-27 00:00:00'),(284,690,'2024-12-27 00:00:00'),(285,447,'2024-10-04 00:00:00'),(286,41,'2024-01-16 00:00:00'),(287,20,'2025-05-14 00:00:00'),(288,175,'2024-01-03 00:00:00'),(289,341,'2024-06-13 00:00:00'),(290,669,'2024-12-28 00:00:00'),(291,549,'2023-12-25 00:00:00'),(292,51,'2024-01-22 00:00:00'),(293,492,'2024-02-23 00:00:00'),(294,226,'2024-11-29 00:00:00'),(295,54,'2024-04-20 00:00:00'),(296,247,'2025-03-20 00:00:00'),(297,155,'2024-11-20 00:00:00'),(298,304,'2023-12-02 00:00:00'),(299,219,'2025-01-07 00:00:00'),(300,627,'2024-05-02 00:00:00'),(301,496,'2025-02-03 00:00:00'),(302,1,'2024-07-16 00:00:00'),(303,179,'2025-03-12 00:00:00'),(304,131,'2024-11-19 00:00:00'),(305,301,'2024-04-13 00:00:00'),(306,356,'2024-10-31 00:00:00'),(307,405,'2024-08-18 00:00:00'),(308,676,'2024-11-09 00:00:00'),(309,65,'2025-01-07 00:00:00'),(310,664,'2024-07-03 00:00:00'),(311,796,'2025-02-18 00:00:00'),(312,314,'2024-02-13 00:00:00'),(313,793,'2023-12-07 00:00:00'),(314,540,'2025-01-12 00:00:00'),(315,480,'2024-11-01 00:00:00'),(316,359,'2024-01-30 00:00:00'),(317,275,'2024-07-28 00:00:00'),(318,517,'2024-01-23 00:00:00'),(319,120,'2024-01-11 00:00:00'),(320,231,'2024-05-01 00:00:00'),(321,123,'2024-07-03 00:00:00'),(322,664,'2024-03-26 00:00:00'),(323,676,'2024-01-01 00:00:00'),(324,330,'2024-09-21 00:00:00'),(325,616,'2024-12-16 00:00:00'),(326,667,'2024-09-01 00:00:00'),(327,640,'2024-03-26 00:00:00'),(328,394,'2025-03-01 00:00:00'),(329,701,'2024-03-29 00:00:00'),(330,581,'2024-07-02 00:00:00'),(331,513,'2024-01-23 00:00:00'),(332,648,'2024-07-14 00:00:00'),(333,469,'2024-05-22 00:00:00'),(334,4,'2024-05-24 00:00:00'),(335,757,'2024-09-05 00:00:00'),(336,646,'2025-01-06 00:00:00'),(337,658,'2024-08-04 00:00:00'),(338,170,'2025-03-11 00:00:00'),(339,688,'2024-03-06 00:00:00'),(340,691,'2025-01-01 00:00:00'),(341,706,'2024-12-14 00:00:00'),(342,759,'2024-10-18 00:00:00'),(343,788,'2025-03-05 00:00:00'),(344,493,'2024-04-09 00:00:00'),(345,203,'2025-02-02 00:00:00'),(346,28,'2025-05-06 00:00:00'),(347,715,'2024-02-23 00:00:00'),(348,249,'2024-04-27 00:00:00'),(349,424,'2025-02-23 00:00:00'),(350,587,'2024-05-15 00:00:00'),(351,264,'2024-02-09 00:00:00'),(352,560,'2024-01-14 00:00:00'),(353,757,'2024-07-01 00:00:00'),(354,156,'2025-04-10 00:00:00'),(355,745,'2024-08-04 00:00:00'),(356,619,'2025-03-18 00:00:00'),(357,602,'2024-08-09 00:00:00'),(358,306,'2025-01-04 00:00:00'),(359,467,'2024-07-28 00:00:00'),(360,15,'2023-12-02 00:00:00'),(361,689,'2024-01-02 00:00:00'),(362,305,'2024-06-09 00:00:00'),(363,746,'2024-11-22 00:00:00'),(364,771,'2025-03-20 00:00:00'),(365,548,'2025-04-29 00:00:00'),(366,732,'2024-03-12 00:00:00'),(367,519,'2024-09-29 00:00:00'),(368,650,'2024-11-15 00:00:00'),(369,293,'2025-02-18 00:00:00'),(370,677,'2024-11-04 00:00:00'),(371,487,'2024-12-02 00:00:00'),(372,664,'2025-05-18 00:00:00'),(373,598,'2024-04-26 00:00:00'),(374,55,'2025-03-25 00:00:00'),(375,128,'2023-12-29 00:00:00'),(376,522,'2024-01-19 00:00:00'),(377,700,'2025-04-02 00:00:00'),(378,424,'2025-03-28 00:00:00'),(379,547,'2023-12-24 00:00:00'),(380,721,'2024-04-18 00:00:00'),(381,699,'2025-04-14 00:00:00'),(382,191,'2024-07-18 00:00:00'),(383,113,'2024-12-20 00:00:00'),(384,443,'2025-04-09 00:00:00'),(385,492,'2025-01-17 00:00:00'),(386,385,'2025-01-15 00:00:00'),(387,192,'2025-01-23 00:00:00'),(388,316,'2025-05-05 00:00:00'),(389,388,'2024-11-19 00:00:00'),(390,629,'2024-09-26 00:00:00'),(391,53,'2024-01-10 00:00:00'),(392,770,'2025-01-12 00:00:00'),(393,475,'2024-07-09 00:00:00'),(394,533,'2024-11-29 00:00:00'),(395,334,'2024-06-03 00:00:00'),(396,191,'2024-08-15 00:00:00'),(397,45,'2024-02-14 00:00:00'),(398,231,'2025-04-24 00:00:00'),(399,109,'2025-02-17 00:00:00'),(400,288,'2024-08-28 00:00:00'),(401,285,'2024-09-24 00:00:00'),(402,137,'2024-07-09 00:00:00'),(403,750,'2024-04-30 00:00:00'),(404,223,'2025-03-27 00:00:00'),(405,305,'2024-05-05 00:00:00'),(406,461,'2025-03-14 00:00:00'),(407,176,'2025-01-15 00:00:00'),(408,370,'2024-04-04 00:00:00'),(409,581,'2024-12-23 00:00:00'),(410,365,'2024-06-10 00:00:00'),(411,772,'2023-12-19 00:00:00'),(412,3,'2024-06-01 00:00:00'),(413,187,'2024-06-13 00:00:00'),(414,527,'2025-04-01 00:00:00'),(415,407,'2024-07-20 00:00:00'),(416,268,'2025-04-05 00:00:00'),(417,672,'2024-11-29 00:00:00'),(418,416,'2025-02-11 00:00:00'),(419,265,'2025-03-13 00:00:00'),(420,759,'2024-04-13 00:00:00'),(421,345,'2024-02-27 00:00:00'),(422,258,'2024-09-12 00:00:00'),(423,130,'2024-08-16 00:00:00'),(424,621,'2024-11-10 00:00:00'),(425,252,'2025-04-14 00:00:00'),(426,507,'2024-10-22 00:00:00'),(427,799,'2024-09-04 00:00:00'),(428,302,'2024-05-12 00:00:00'),(429,105,'2024-05-02 00:00:00'),(430,698,'2024-12-27 00:00:00'),(431,638,'2024-06-20 00:00:00'),(432,464,'2024-04-09 00:00:00'),(433,431,'2025-01-16 00:00:00'),(434,210,'2024-12-22 00:00:00'),(435,274,'2024-05-23 00:00:00'),(436,404,'2024-01-30 00:00:00'),(437,508,'2024-04-07 00:00:00'),(438,326,'2025-04-05 00:00:00'),(439,805,'2025-04-05 00:00:00'),(440,128,'2024-01-22 00:00:00'),(441,710,'2024-01-31 00:00:00'),(442,170,'2024-09-13 00:00:00'),(443,696,'2024-10-12 00:00:00'),(444,421,'2024-07-08 00:00:00'),(445,336,'2024-01-13 00:00:00'),(446,109,'2023-12-04 00:00:00'),(447,572,'2025-04-17 00:00:00'),(448,269,'2023-12-09 00:00:00'),(449,457,'2024-02-19 00:00:00'),(450,759,'2024-03-01 00:00:00'),(451,618,'2024-11-20 00:00:00'),(452,791,'2024-12-29 00:00:00'),(453,654,'2024-04-22 00:00:00'),(454,781,'2024-11-07 00:00:00'),(455,209,'2024-01-15 00:00:00'),(456,85,'2024-08-03 00:00:00'),(457,451,'2024-05-19 00:00:00'),(458,669,'2024-02-22 00:00:00'),(459,774,'2025-04-08 00:00:00'),(460,139,'2024-03-10 00:00:00'),(461,42,'2024-11-17 00:00:00'),(462,662,'2024-11-13 00:00:00'),(463,454,'2025-01-23 00:00:00'),(464,160,'2025-03-10 00:00:00'),(465,77,'2025-01-11 00:00:00'),(466,343,'2024-08-28 00:00:00'),(467,485,'2024-02-15 00:00:00'),(468,170,'2024-05-01 00:00:00'),(469,60,'2024-02-03 00:00:00'),(470,41,'2025-02-26 00:00:00'),(471,594,'2024-12-26 00:00:00'),(472,297,'2024-01-16 00:00:00'),(473,769,'2025-02-15 00:00:00'),(474,229,'2024-07-31 00:00:00'),(475,790,'2024-05-19 00:00:00'),(476,12,'2024-01-06 00:00:00'),(477,44,'2024-04-10 00:00:00'),(478,161,'2024-01-03 00:00:00'),(479,76,'2025-03-16 00:00:00'),(480,563,'2025-01-12 00:00:00'),(481,139,'2024-10-15 00:00:00'),(482,162,'2024-12-10 00:00:00'),(483,534,'2024-09-25 00:00:00'),(484,131,'2024-02-26 00:00:00'),(485,414,'2024-12-24 00:00:00'),(486,150,'2023-12-28 00:00:00'),(487,629,'2024-06-09 00:00:00'),(488,433,'2023-12-28 00:00:00'),(489,631,'2024-09-15 00:00:00'),(490,682,'2025-02-14 00:00:00'),(491,252,'2024-04-11 00:00:00'),(492,137,'2025-04-13 00:00:00'),(493,280,'2024-12-21 00:00:00'),(494,784,'2024-12-13 00:00:00'),(495,68,'2024-12-02 00:00:00'),(496,653,'2024-11-03 00:00:00'),(497,120,'2024-02-13 00:00:00'),(498,776,'2024-07-18 00:00:00'),(499,814,'2024-12-23 00:00:00'),(500,410,'2024-05-10 00:00:00'),(501,155,'2025-04-11 00:00:00'),(502,640,'2025-01-13 00:00:00'),(503,162,'2024-11-21 00:00:00'),(504,234,'2024-12-04 00:00:00'),(505,291,'2024-08-13 00:00:00'),(506,28,'2024-06-19 00:00:00'),(507,114,'2025-04-17 00:00:00'),(508,552,'2024-10-12 00:00:00'),(509,582,'2025-03-25 00:00:00'),(510,117,'2024-09-11 00:00:00'),(511,326,'2024-08-15 00:00:00'),(512,295,'2024-12-15 00:00:00'),(513,604,'2024-02-07 00:00:00'),(514,681,'2024-12-01 00:00:00'),(515,786,'2025-02-15 00:00:00'),(516,277,'2024-01-29 00:00:00'),(517,240,'2025-03-14 00:00:00'),(518,241,'2024-07-24 00:00:00'),(519,696,'2025-01-27 00:00:00'),(520,57,'2024-02-05 00:00:00'),(521,179,'2024-08-06 00:00:00'),(522,778,'2024-09-18 00:00:00'),(523,218,'2025-05-08 00:00:00'),(524,313,'2024-10-22 00:00:00'),(525,49,'2024-11-21 00:00:00'),(526,397,'2024-10-11 00:00:00'),(527,334,'2025-04-29 00:00:00'),(528,206,'2024-02-02 00:00:00'),(529,132,'2024-04-17 00:00:00'),(530,398,'2024-09-20 00:00:00'),(531,219,'2024-09-23 00:00:00'),(532,107,'2023-12-28 00:00:00'),(533,618,'2023-12-16 00:00:00'),(534,742,'2025-04-15 00:00:00'),(535,281,'2024-12-05 00:00:00'),(536,488,'2024-07-07 00:00:00'),(537,388,'2024-05-31 00:00:00'),(538,634,'2023-12-23 00:00:00'),(539,674,'2024-09-09 00:00:00'),(540,810,'2024-09-14 00:00:00'),(541,40,'2024-08-02 00:00:00'),(542,9,'2025-04-23 00:00:00'),(543,755,'2025-04-13 00:00:00'),(544,48,'2024-06-21 00:00:00'),(545,200,'2023-12-14 00:00:00'),(546,279,'2024-03-01 00:00:00'),(547,42,'2025-02-03 00:00:00'),(548,42,'2023-12-15 00:00:00'),(549,171,'2024-11-02 00:00:00'),(550,205,'2024-07-19 00:00:00'),(551,493,'2024-05-02 00:00:00'),(552,375,'2025-01-12 00:00:00'),(553,436,'2024-09-03 00:00:00'),(554,643,'2023-12-04 00:00:00'),(555,724,'2024-05-03 00:00:00'),(556,784,'2024-08-18 00:00:00'),(557,274,'2024-03-07 00:00:00'),(558,78,'2024-07-04 00:00:00'),(559,454,'2025-02-01 00:00:00'),(560,604,'2024-10-05 00:00:00'),(561,17,'2024-02-07 00:00:00'),(562,83,'2024-06-14 00:00:00'),(563,267,'2024-02-22 00:00:00'),(564,223,'2024-02-20 00:00:00'),(565,510,'2024-02-23 00:00:00'),(566,751,'2024-07-27 00:00:00'),(567,723,'2025-04-03 00:00:00'),(568,173,'2024-01-14 00:00:00'),(569,510,'2024-05-20 00:00:00'),(570,85,'2025-03-01 00:00:00'),(571,196,'2024-04-04 00:00:00'),(572,66,'2024-03-18 00:00:00'),(573,728,'2025-02-22 00:00:00'),(574,809,'2024-02-21 00:00:00'),(575,141,'2025-03-10 00:00:00'),(576,56,'2024-11-16 00:00:00'),(577,341,'2024-12-15 00:00:00'),(578,710,'2024-10-15 00:00:00'),(579,294,'2025-02-07 00:00:00'),(580,229,'2024-11-14 00:00:00'),(581,208,'2024-05-25 00:00:00'),(582,202,'2025-03-17 00:00:00'),(583,354,'2024-05-29 00:00:00'),(584,435,'2024-04-26 00:00:00'),(585,501,'2024-03-01 00:00:00'),(586,10,'2024-11-25 00:00:00'),(587,487,'2024-07-15 00:00:00'),(588,631,'2024-10-03 00:00:00'),(589,348,'2024-01-21 00:00:00'),(590,244,'2024-03-04 00:00:00'),(591,376,'2025-02-07 00:00:00'),(592,571,'2024-11-06 00:00:00'),(593,298,'2024-07-17 00:00:00'),(594,342,'2024-03-12 00:00:00'),(595,736,'2024-12-01 00:00:00'),(596,3,'2024-12-29 00:00:00'),(597,186,'2024-06-09 00:00:00'),(598,782,'2024-12-01 00:00:00'),(599,180,'2025-01-01 00:00:00'),(600,308,'2024-05-27 00:00:00'),(601,37,'2024-03-07 00:00:00'),(602,186,'2025-04-19 00:00:00'),(603,331,'2025-02-04 00:00:00'),(604,3,'2024-09-07 00:00:00'),(605,121,'2025-02-04 00:00:00'),(606,673,'2024-05-12 00:00:00'),(607,299,'2024-06-11 00:00:00'),(608,390,'2024-05-10 00:00:00'),(609,658,'2025-05-13 00:00:00'),(610,471,'2023-12-30 00:00:00'),(611,562,'2024-08-11 00:00:00'),(612,720,'2025-03-15 00:00:00'),(613,660,'2024-09-26 00:00:00'),(614,476,'2023-12-23 00:00:00'),(615,683,'2025-05-04 00:00:00'),(616,674,'2024-08-28 00:00:00'),(617,498,'2024-01-31 00:00:00'),(618,610,'2025-03-21 00:00:00'),(619,589,'2025-04-10 00:00:00'),(620,699,'2024-07-12 00:00:00'),(621,760,'2024-02-26 00:00:00'),(622,600,'2025-04-01 00:00:00'),(623,618,'2024-11-07 00:00:00'),(624,380,'2024-01-19 00:00:00'),(625,739,'2025-04-13 00:00:00'),(626,73,'2024-12-13 00:00:00'),(627,529,'2025-01-17 00:00:00'),(628,562,'2024-11-09 00:00:00'),(629,206,'2024-11-16 00:00:00'),(630,436,'2024-03-11 00:00:00'),(631,221,'2024-08-01 00:00:00'),(632,290,'2024-01-16 00:00:00'),(633,149,'2025-02-24 00:00:00'),(634,436,'2024-11-09 00:00:00'),(635,419,'2024-09-04 00:00:00'),(636,651,'2024-10-11 00:00:00'),(637,179,'2023-12-09 00:00:00'),(638,486,'2024-06-03 00:00:00'),(639,526,'2024-01-16 00:00:00'),(640,617,'2024-02-09 00:00:00'),(641,506,'2024-05-15 00:00:00'),(642,727,'2025-01-10 00:00:00'),(643,496,'2024-07-03 00:00:00'),(644,222,'2024-12-19 00:00:00'),(645,743,'2024-10-01 00:00:00'),(646,772,'2025-01-13 00:00:00'),(647,728,'2024-09-30 00:00:00'),(648,774,'2025-03-08 00:00:00'),(649,699,'2024-07-03 00:00:00'),(650,479,'2024-12-27 00:00:00'),(651,408,'2024-06-06 00:00:00'),(652,309,'2024-01-20 00:00:00'),(653,168,'2024-06-16 00:00:00'),(654,803,'2025-04-20 00:00:00'),(655,796,'2024-11-25 00:00:00'),(656,4,'2024-08-01 00:00:00'),(657,587,'2025-01-16 00:00:00'),(658,429,'2023-12-17 00:00:00'),(659,591,'2024-07-13 00:00:00'),(660,581,'2025-01-13 00:00:00'),(661,296,'2024-10-23 00:00:00'),(662,750,'2024-05-09 00:00:00'),(663,96,'2025-05-16 00:00:00'),(664,244,'2024-08-03 00:00:00'),(665,82,'2025-02-17 00:00:00'),(666,666,'2025-02-15 00:00:00'),(667,251,'2025-02-17 00:00:00'),(668,366,'2024-08-10 00:00:00'),(669,170,'2025-01-28 00:00:00'),(670,742,'2024-05-23 00:00:00'),(671,483,'2024-10-21 00:00:00'),(672,612,'2025-01-19 00:00:00'),(673,62,'2024-12-09 00:00:00'),(674,796,'2024-08-27 00:00:00'),(675,605,'2024-06-09 00:00:00'),(676,478,'2024-08-23 00:00:00'),(677,613,'2024-06-05 00:00:00'),(678,302,'2024-02-23 00:00:00'),(679,50,'2024-01-25 00:00:00'),(680,379,'2024-05-06 00:00:00'),(681,375,'2024-01-13 00:00:00'),(682,283,'2024-05-19 00:00:00'),(683,222,'2025-02-05 00:00:00'),(684,550,'2025-03-10 00:00:00'),(685,643,'2024-02-14 00:00:00'),(686,500,'2024-11-23 00:00:00'),(687,781,'2024-08-02 00:00:00'),(688,165,'2025-01-09 00:00:00'),(689,295,'2024-09-14 00:00:00'),(690,579,'2024-02-27 00:00:00'),(691,740,'2024-07-25 00:00:00'),(692,641,'2023-12-01 00:00:00'),(693,400,'2024-04-12 00:00:00'),(694,510,'2024-06-19 00:00:00'),(695,279,'2024-04-09 00:00:00'),(696,322,'2024-11-17 00:00:00'),(697,291,'2025-05-01 00:00:00'),(698,398,'2024-12-12 00:00:00'),(699,782,'2024-06-30 00:00:00'),(700,363,'2023-12-25 00:00:00'),(701,163,'2023-12-10 00:00:00'),(702,294,'2025-04-11 00:00:00'),(703,100,'2025-03-17 00:00:00'),(704,243,'2024-06-03 00:00:00'),(705,551,'2024-01-26 00:00:00'),(706,54,'2025-04-12 00:00:00'),(707,404,'2024-01-13 00:00:00'),(708,542,'2025-04-11 00:00:00'),(709,347,'2025-02-04 00:00:00'),(710,691,'2024-04-24 00:00:00'),(711,407,'2024-12-03 00:00:00'),(712,228,'2024-10-28 00:00:00'),(713,634,'2024-12-31 00:00:00'),(714,552,'2024-09-25 00:00:00'),(715,644,'2025-02-14 00:00:00'),(716,640,'2024-06-15 00:00:00'),(717,386,'2024-10-09 00:00:00'),(718,578,'2025-04-25 00:00:00'),(719,360,'2024-11-13 00:00:00'),(720,422,'2024-08-18 00:00:00'),(721,477,'2024-05-29 00:00:00'),(722,484,'2025-04-10 00:00:00'),(723,599,'2024-07-27 00:00:00'),(724,236,'2024-12-20 00:00:00'),(725,13,'2024-12-09 00:00:00'),(726,617,'2024-07-16 00:00:00'),(727,759,'2025-03-06 00:00:00'),(728,714,'2023-12-11 00:00:00'),(729,265,'2024-03-06 00:00:00'),(730,194,'2024-07-12 00:00:00'),(731,635,'2024-03-31 00:00:00'),(732,560,'2024-01-22 00:00:00'),(733,586,'2024-11-04 00:00:00'),(734,228,'2025-02-11 00:00:00'),(735,219,'2024-07-08 00:00:00'),(736,122,'2024-08-07 00:00:00'),(737,370,'2024-03-21 00:00:00'),(738,63,'2024-08-02 00:00:00'),(739,576,'2025-02-24 00:00:00'),(740,549,'2023-12-30 00:00:00'),(741,237,'2023-12-11 00:00:00'),(742,515,'2024-11-07 00:00:00'),(743,615,'2024-08-15 00:00:00'),(744,198,'2024-09-21 00:00:00'),(745,19,'2024-02-29 00:00:00'),(746,782,'2025-02-04 00:00:00'),(747,667,'2024-11-22 00:00:00'),(748,132,'2024-05-03 00:00:00'),(749,214,'2025-02-17 00:00:00'),(750,483,'2025-03-08 00:00:00'),(751,653,'2024-11-05 00:00:00'),(752,265,'2024-08-05 00:00:00'),(753,452,'2024-06-17 00:00:00'),(754,813,'2024-12-03 00:00:00'),(755,353,'2024-04-11 00:00:00'),(756,541,'2025-04-18 00:00:00'),(757,761,'2024-12-20 00:00:00'),(758,139,'2024-06-30 00:00:00'),(759,6,'2024-02-12 00:00:00'),(760,469,'2024-06-17 00:00:00'),(761,268,'2025-02-06 00:00:00'),(762,534,'2024-05-30 00:00:00'),(763,632,'2024-07-15 00:00:00'),(764,689,'2024-04-21 00:00:00'),(765,62,'2024-11-13 00:00:00'),(766,603,'2025-03-11 00:00:00'),(767,45,'2024-11-28 00:00:00'),(768,754,'2024-12-10 00:00:00'),(769,733,'2024-12-13 00:00:00'),(770,604,'2024-12-22 00:00:00'),(771,798,'2024-05-16 00:00:00'),(772,715,'2025-02-24 00:00:00'),(773,431,'2024-07-26 00:00:00'),(774,244,'2025-02-05 00:00:00'),(775,118,'2024-11-15 00:00:00'),(776,608,'2025-03-24 00:00:00'),(777,127,'2024-05-05 00:00:00'),(778,38,'2025-04-13 00:00:00'),(779,46,'2025-01-05 00:00:00'),(780,716,'2025-05-16 00:00:00'),(781,416,'2024-05-23 00:00:00'),(782,36,'2025-04-08 00:00:00'),(783,779,'2024-07-28 00:00:00'),(784,674,'2024-04-11 00:00:00'),(785,540,'2024-10-01 00:00:00'),(786,429,'2024-05-14 00:00:00'),(787,163,'2024-09-13 00:00:00'),(788,639,'2024-05-31 00:00:00'),(789,774,'2025-01-28 00:00:00'),(790,633,'2024-06-03 00:00:00'),(791,484,'2024-05-25 00:00:00'),(792,54,'2025-01-31 00:00:00'),(793,99,'2025-04-14 00:00:00'),(794,490,'2024-08-20 00:00:00'),(795,529,'2024-08-01 00:00:00'),(796,521,'2024-07-04 00:00:00'),(797,675,'2024-06-05 00:00:00'),(798,692,'2024-07-05 00:00:00'),(799,555,'2024-01-28 00:00:00'),(800,286,'2025-05-10 00:00:00'),(801,537,'2024-07-01 00:00:00'),(802,549,'2024-10-22 00:00:00'),(803,115,'2024-08-21 00:00:00'),(804,724,'2024-03-29 00:00:00'),(805,74,'2023-12-08 00:00:00'),(806,685,'2024-08-18 00:00:00'),(807,144,'2024-04-17 00:00:00'),(808,519,'2024-12-31 00:00:00'),(809,68,'2024-09-10 00:00:00'),(810,692,'2024-02-26 00:00:00'),(811,573,'2024-02-17 00:00:00'),(812,746,'2025-02-15 00:00:00'),(813,697,'2024-01-10 00:00:00'),(814,373,'2025-04-01 00:00:00'),(815,83,'2024-02-26 00:00:00'),(816,751,'2025-01-18 00:00:00'),(817,410,'2024-06-22 00:00:00'),(818,68,'2024-02-05 00:00:00'),(819,142,'2024-05-24 00:00:00'),(820,23,'2024-10-29 00:00:00'),(821,135,'2025-05-10 00:00:00'),(822,795,'2024-09-05 00:00:00'),(823,732,'2024-11-15 00:00:00'),(824,487,'2025-05-20 00:00:00'),(825,198,'2025-05-16 00:00:00'),(826,5,'2024-02-19 00:00:00'),(827,174,'2024-07-13 00:00:00'),(828,795,'2024-09-10 00:00:00'),(829,536,'2025-01-11 00:00:00'),(830,751,'2025-01-28 00:00:00'),(831,636,'2024-02-13 00:00:00'),(832,620,'2024-05-16 00:00:00'),(833,768,'2024-12-24 00:00:00'),(834,472,'2023-12-21 00:00:00'),(835,54,'2024-09-25 00:00:00'),(836,274,'2024-03-03 00:00:00'),(837,210,'2024-09-30 00:00:00'),(838,760,'2024-03-16 00:00:00'),(839,216,'2024-07-20 00:00:00'),(840,258,'2024-01-29 00:00:00'),(841,700,'2024-09-06 00:00:00'),(842,204,'2024-11-08 00:00:00'),(843,251,'2025-03-24 00:00:00'),(844,456,'2024-12-08 00:00:00'),(845,178,'2025-02-19 00:00:00'),(846,682,'2024-04-25 00:00:00'),(847,411,'2024-06-29 00:00:00'),(848,273,'2024-01-11 00:00:00'),(849,366,'2024-12-30 00:00:00'),(850,746,'2024-12-28 00:00:00'),(851,639,'2024-12-01 00:00:00'),(852,706,'2023-12-07 00:00:00'),(853,375,'2024-06-08 00:00:00'),(854,643,'2025-01-22 00:00:00'),(855,564,'2024-10-10 00:00:00'),(856,469,'2024-11-01 00:00:00'),(857,289,'2024-01-28 00:00:00'),(858,501,'2024-11-08 00:00:00'),(859,55,'2024-06-10 00:00:00'),(860,759,'2024-12-25 00:00:00'),(861,162,'2025-03-19 00:00:00'),(862,783,'2024-04-16 00:00:00'),(863,815,'2024-08-15 00:00:00'),(864,26,'2024-11-13 00:00:00'),(865,641,'2024-06-25 00:00:00'),(866,400,'2025-01-18 00:00:00'),(867,280,'2023-12-11 00:00:00'),(868,540,'2025-03-21 00:00:00'),(869,739,'2024-07-12 00:00:00'),(870,7,'2025-04-04 00:00:00'),(871,268,'2024-03-02 00:00:00'),(872,691,'2024-08-18 00:00:00'),(873,734,'2025-01-29 00:00:00'),(874,97,'2024-12-12 00:00:00'),(875,156,'2024-09-29 00:00:00'),(876,510,'2024-07-08 00:00:00'),(877,96,'2024-06-17 00:00:00'),(878,765,'2025-04-19 00:00:00'),(879,813,'2024-11-12 00:00:00'),(880,718,'2024-06-22 00:00:00'),(881,77,'2024-11-27 00:00:00'),(882,421,'2024-02-25 00:00:00'),(883,487,'2025-05-13 00:00:00'),(884,598,'2025-05-05 00:00:00'),(885,457,'2024-06-22 00:00:00'),(886,194,'2023-12-23 00:00:00'),(887,664,'2024-08-13 00:00:00'),(888,434,'2024-09-09 00:00:00'),(889,671,'2023-12-19 00:00:00'),(890,306,'2024-12-07 00:00:00'),(891,748,'2024-04-03 00:00:00'),(892,786,'2024-10-19 00:00:00'),(893,707,'2024-04-17 00:00:00'),(894,307,'2024-10-01 00:00:00'),(895,266,'2023-12-16 00:00:00'),(896,268,'2025-01-16 00:00:00'),(897,780,'2025-04-13 00:00:00'),(898,486,'2024-03-10 00:00:00'),(899,162,'2024-10-26 00:00:00'),(900,757,'2024-10-31 00:00:00'),(901,484,'2023-12-03 00:00:00'),(902,42,'2025-03-22 00:00:00'),(903,709,'2023-12-25 00:00:00'),(904,62,'2024-08-07 00:00:00'),(905,21,'2025-04-04 00:00:00'),(906,500,'2024-04-18 00:00:00'),(907,656,'2024-02-18 00:00:00'),(908,352,'2023-12-11 00:00:00'),(909,171,'2024-10-11 00:00:00'),(910,580,'2024-01-22 00:00:00'),(911,435,'2025-01-02 00:00:00'),(912,514,'2024-12-30 00:00:00'),(913,773,'2024-09-18 00:00:00'),(914,694,'2024-03-07 00:00:00'),(915,731,'2025-03-05 00:00:00'),(916,503,'2024-03-31 00:00:00'),(917,622,'2024-05-22 00:00:00'),(918,671,'2025-02-28 00:00:00'),(919,136,'2024-03-02 00:00:00'),(920,595,'2025-02-19 00:00:00'),(921,297,'2025-01-01 00:00:00'),(922,21,'2024-04-17 00:00:00'),(923,532,'2024-10-13 00:00:00'),(924,596,'2025-05-07 00:00:00'),(925,77,'2025-05-08 00:00:00'),(926,595,'2025-03-26 00:00:00'),(927,248,'2024-03-21 00:00:00'),(928,278,'2024-06-03 00:00:00'),(929,499,'2024-04-01 00:00:00'),(930,192,'2024-10-04 00:00:00'),(931,431,'2024-10-14 00:00:00'),(932,280,'2025-01-05 00:00:00'),(933,262,'2025-01-24 00:00:00'),(934,11,'2024-12-22 00:00:00'),(935,625,'2025-04-26 00:00:00'),(936,245,'2024-08-11 00:00:00'),(937,243,'2025-05-13 00:00:00'),(938,544,'2024-06-13 00:00:00'),(939,409,'2023-12-27 00:00:00'),(940,279,'2024-06-19 00:00:00'),(941,730,'2024-03-06 00:00:00'),(942,237,'2024-01-26 00:00:00'),(943,510,'2024-06-26 00:00:00'),(944,511,'2025-03-05 00:00:00'),(945,9,'2024-04-20 00:00:00'),(946,793,'2024-05-31 00:00:00'),(947,131,'2025-03-24 00:00:00'),(948,521,'2024-08-29 00:00:00'),(949,429,'2024-03-22 00:00:00'),(950,132,'2025-05-13 00:00:00'),(951,750,'2024-06-28 00:00:00'),(952,235,'2024-05-25 00:00:00'),(953,680,'2024-02-14 00:00:00'),(954,23,'2025-03-22 00:00:00'),(955,709,'2024-04-19 00:00:00'),(956,399,'2025-02-11 00:00:00'),(957,567,'2024-02-04 00:00:00'),(958,589,'2025-02-12 00:00:00'),(959,268,'2024-01-15 00:00:00'),(960,625,'2025-01-30 00:00:00'),(961,98,'2024-07-09 00:00:00'),(962,588,'2024-05-25 00:00:00'),(963,379,'2024-03-14 00:00:00'),(964,615,'2025-02-11 00:00:00'),(965,131,'2025-02-26 00:00:00'),(966,626,'2025-02-09 00:00:00'),(967,379,'2025-04-30 00:00:00'),(968,496,'2025-01-19 00:00:00'),(969,168,'2024-03-15 00:00:00'),(970,183,'2025-02-27 00:00:00'),(971,571,'2025-01-13 00:00:00'),(972,454,'2024-03-20 00:00:00'),(973,415,'2024-05-09 00:00:00'),(974,458,'2025-01-18 00:00:00'),(975,349,'2024-04-16 00:00:00'),(976,678,'2024-05-14 00:00:00'),(977,193,'2023-12-20 00:00:00'),(978,721,'2025-03-13 00:00:00'),(979,175,'2024-09-25 00:00:00'),(980,43,'2024-02-25 00:00:00'),(981,783,'2025-02-09 00:00:00'),(982,413,'2025-02-16 00:00:00'),(983,579,'2024-10-18 00:00:00'),(984,335,'2024-05-23 00:00:00'),(985,335,'2024-08-02 00:00:00'),(986,308,'2025-02-01 00:00:00'),(987,459,'2025-03-09 00:00:00'),(988,503,'2023-12-16 00:00:00'),(989,150,'2024-08-19 00:00:00'),(990,354,'2024-08-21 00:00:00'),(991,525,'2025-03-19 00:00:00'),(992,244,'2025-02-15 00:00:00'),(993,516,'2024-06-23 00:00:00'),(994,243,'2024-10-10 00:00:00'),(995,191,'2024-12-26 00:00:00'),(996,654,'2023-12-22 00:00:00'),(997,658,'2024-07-28 00:00:00'),(998,537,'2024-08-17 00:00:00'),(999,656,'2025-03-08 00:00:00'),(1000,722,'2024-09-16 00:00:00');
/*!40000 ALTER TABLE `purchase` ENABLE KEYS */;
UNLOCK TABLES;

--
-- Table structure for table `purchase_drug`
--

DROP TABLE IF EXISTS `purchase_drug`;
/*!40101 SET @saved_cs_client     = @@character_set_client */;
/*!50503 SET character_set_client = utf8mb4 */;
CREATE TABLE `purchase_drug` (
  `purchase_id` int NOT NULL,
  `drug_id` int NOT NULL,
  `quantity` int NOT NULL,
  PRIMARY KEY (`purchase_id`,`drug_id`),
  KEY `drug_id` (`drug_id`),
  CONSTRAINT `purchase_drug_ibfk_1` FOREIGN KEY (`purchase_id`) REFERENCES `purchase` (`id`),
  CONSTRAINT `purchase_drug_ibfk_2` FOREIGN KEY (`drug_id`) REFERENCES `generic_drug` (`id`)
) ENGINE=InnoDB DEFAULT CHARSET=utf8mb4 COLLATE=utf8mb4_0900_ai_ci;
/*!40101 SET character_set_client = @saved_cs_client */;

--
-- Dumping data for table `purchase_drug`
--

LOCK TABLES `purchase_drug` WRITE;
/*!40000 ALTER TABLE `purchase_drug` DISABLE KEYS */;
INSERT INTO `purchase_drug` VALUES (1,667,2),(1,849,9),(2,427,6),(3,115,7),(9,98,2),(9,372,2),(9,855,10),(10,124,5),(10,236,2),(11,7,4),(11,358,3),(11,667,6),(12,698,4),(14,610,7),(14,667,8),(15,525,4),(17,182,8),(17,671,7),(17,943,10),(18,377,10),(19,289,9),(19,591,10),(19,683,2),(20,618,3),(21,318,3),(21,566,10),(24,448,2),(24,546,8),(24,639,8),(25,476,5),(25,939,1),(26,536,2),(28,481,7),(28,635,4),(30,401,4),(32,81,1),(32,449,2),(33,508,3),(34,157,3),(34,547,10),(34,604,5),(36,76,9),(36,275,1),(36,652,2),(37,165,7),(38,65,3),(38,459,4),(38,659,2),(41,43,8),(41,83,10),(41,879,8),(44,718,1),(46,44,8),(46,453,8),(47,164,1),(47,339,4),(48,487,3),(48,741,8),(48,877,10),(49,343,3),(49,729,8),(50,628,3),(51,140,9),(52,372,6),(52,953,5),(53,98,8),(53,173,5),(53,410,1),(53,635,2),(53,669,5),(55,227,9),(55,245,9),(55,863,9),(56,23,7),(56,535,5),(57,83,8),(59,132,10),(61,408,10),(63,402,5),(65,319,5),(65,377,1),(65,422,3),(66,392,2),(66,594,9),(68,469,3),(69,138,2),(69,875,3),(70,126,5),(71,47,3),(73,937,9),(74,781,9),(75,224,1),(75,729,9),(76,193,10),(76,239,7),(76,560,2),(76,911,3),(77,58,9),(78,458,3),(79,170,6),(81,558,1),(82,360,1),(83,609,5),(83,834,1),(85,177,5),(86,82,2),(86,640,6),(86,809,8),(89,400,6),(90,774,9),(91,390,3),(94,301,10),(95,221,1),(95,266,10),(96,66,6),(96,409,4),(96,484,8),(96,493,5),(97,362,9),(97,446,9),(97,927,4),(98,540,9),(100,457,7),(101,551,1),(101,905,6),(102,47,3),(105,892,6),(107,93,7),(107,208,1),(107,578,9),(109,510,4),(112,81,5),(113,254,3),(115,518,7),(116,606,4),(118,438,6),(120,120,6),(122,346,7),(122,544,8),(123,84,1),(123,925,3),(124,348,4),(125,197,3),(126,381,8),(127,580,10),(127,828,10),(128,329,10),(128,445,7),(131,65,10),(131,200,1),(131,732,1),(131,899,8),(132,670,8),(134,49,9),(134,346,8),(136,10,2),(136,848,10),(138,649,5),(139,157,5),(139,395,8),(139,938,4),(140,332,5),(140,341,7),(143,805,10),(144,18,1),(144,115,5),(144,261,8),(145,823,2),(146,206,6),(146,244,1),(148,235,9),(153,913,9),(159,13,10),(159,724,5),(159,932,1),(161,117,9),(161,163,10),(161,802,10),(161,867,9),(163,74,8),(163,190,10),(164,420,2),(165,840,9),(166,366,2),(170,430,1),(170,484,5),(171,444,10),(174,790,3),(175,289,8),(175,587,1),(177,337,3),(178,124,6),(181,311,3),(181,501,9),(182,102,9),(183,145,4),(185,299,10),(186,971,6),(188,816,4),(189,556,8),(189,795,8),(190,953,4),(191,54,3),(193,685,3),(193,859,4),(194,774,2),(197,324,1),(198,587,6),(198,909,7),(199,389,2),(200,141,2),(201,52,10),(203,32,7),(204,268,1),(204,658,9),(204,960,8),(206,118,2),(207,755,5),(209,526,7),(211,621,2),(212,234,8),(214,737,4),(215,435,10),(216,461,2),(216,842,10),(219,349,7),(222,507,8),(223,699,4),(223,711,2),(224,89,5),(224,136,10),(224,562,3),(228,65,6),(228,952,10),(229,179,6),(230,214,2),(230,293,10),(233,165,6),(234,668,9),(235,888,9),(238,39,1),(238,415,4),(238,775,10),(240,67,5),(241,728,6),(242,571,2),(243,811,4),(245,668,3),(246,165,6),(246,562,5),(247,139,2),(247,226,9),(248,97,3),(248,145,1),(248,837,4),(251,817,4),(252,249,10),(252,609,5),(254,52,4),(255,445,9),(255,703,4),(255,843,8),(257,26,10),(257,27,8),(257,517,8),(259,41,5),(259,935,7),(261,79,4),(261,139,2),(262,143,2),(264,238,9),(264,664,1),(265,566,4),(265,736,1),(266,272,8),(266,789,4),(267,902,3),(268,752,1),(269,110,1),(270,526,4),(270,547,2),(271,53,5),(272,386,8),(272,811,6),(273,479,1),(273,568,7),(273,943,1),(275,773,6),(276,593,8),(277,786,8),(277,867,7),(278,873,9),(279,656,2),(279,755,4),(281,798,8),(282,482,3),(283,822,2),(287,165,1),(287,768,6),(290,814,9),(291,131,4),(291,301,5),(291,462,10),(291,871,2),(292,238,4),(292,814,3),(293,61,5),(293,459,10),(295,318,3),(296,5,8),(296,242,8),(296,605,1),(296,750,6),(298,462,8),(298,806,9),(299,330,6),(299,675,10),(300,647,1),(301,88,1),(301,147,10),(301,951,4),(303,160,8),(303,254,7),(304,342,6),(305,93,5),(305,181,6),(306,926,6),(308,386,3),(308,663,8),(308,837,6),(309,756,3),(312,412,6),(313,836,9),(314,597,2),(314,787,9),(315,258,8),(315,468,7),(315,481,1),(316,22,4),(316,53,5),(319,74,10),(319,90,5),(320,23,2),(320,122,2),(320,225,1),(320,475,5),(321,388,5),(322,59,7),(323,481,6),(323,558,10),(323,663,8),(325,374,1),(325,515,2),(326,416,5),(328,382,7),(329,77,7),(329,348,9),(332,627,6),(333,236,3),(334,806,2),(335,267,5),(335,815,3),(339,313,3),(340,358,6),(345,175,10),(345,754,9),(346,673,8),(350,586,6),(350,796,5),(353,732,5),(354,550,3),(357,91,5),(357,688,2),(358,501,9),(358,662,6),(358,802,4),(358,946,1),(359,481,3),(360,455,7),(361,925,3),(361,947,4),(362,6,6),(362,873,7),(363,386,1),(363,433,10),(364,789,6),(365,573,6),(365,908,1),(366,847,2),(366,929,7),(368,637,1),(373,209,3),(373,666,4),(375,484,5),(375,830,9),(376,581,3),(377,156,2),(381,915,10),(384,264,4),(384,395,4),(387,50,2),(388,90,9),(389,643,3),(392,52,4),(392,837,8),(393,329,6),(393,442,3),(394,259,6),(395,441,7),(395,731,4),(396,515,3),(396,775,2),(397,172,5),(397,407,7),(397,461,7),(402,279,5),(402,893,4),(403,628,6),(404,59,7),(404,420,1),(405,114,4),(406,466,6),(410,212,8),(414,181,6),(414,487,3),(415,294,4),(416,776,6),(417,34,8),(418,620,5),(418,642,8),(419,532,7),(421,602,4),(422,96,9),(422,420,9),(422,893,9),(423,816,2),(424,52,1),(424,108,7),(427,162,6),(427,431,8),(428,841,10),(428,885,7),(429,246,10),(430,1,8),(430,397,9),(432,639,1),(432,750,6),(433,335,7),(434,62,3),(437,667,5),(438,186,1),(438,948,1),(439,279,6),(439,427,9),(440,213,10),(442,338,8),(442,503,6),(444,19,8),(446,524,5),(446,706,10),(447,471,4),(447,519,5),(448,545,5),(448,752,1),(449,632,6),(450,230,5),(450,513,7),(450,682,1),(453,763,7),(454,503,8),(454,797,1),(455,677,2),(455,870,4),(456,434,8),(457,499,2),(459,957,10),(461,457,4),(461,569,1),(462,102,6),(462,620,6),(462,815,2),(463,169,1),(463,742,1),(464,277,9),(465,863,3),(467,190,3),(468,371,3),(468,420,2),(470,824,4),(471,227,5),(471,738,9),(473,274,4),(474,842,4),(475,810,2),(476,411,5),(478,317,9),(479,746,9),(480,22,3),(480,173,3),(482,108,9),(484,738,3),(486,915,7),(488,952,10),(489,350,7),(489,411,2),(490,193,6),(491,673,1),(491,934,5),(492,314,4),(492,724,1),(492,957,10),(493,653,6),(496,214,5),(497,423,9),(498,832,4),(500,454,10),(501,341,7),(501,393,1),(504,628,6),(504,825,8),(505,791,10),(507,916,9),(512,846,3),(513,264,1),(513,338,5),(513,695,9),(515,736,4),(516,129,5),(517,122,10),(521,642,7),(523,79,1),(523,134,2),(524,198,2),(524,357,7),(527,873,8),(531,233,6),(532,247,8),(533,406,5),(534,498,3),(534,560,10),(535,209,10),(535,783,2),(536,149,4),(536,458,6),(537,838,4),(538,96,3),(539,434,6),(541,921,5),(543,151,3),(544,470,3),(545,904,8),(548,377,3),(551,799,10),(551,917,6),(556,67,10),(559,232,8),(560,55,5),(560,84,4),(560,946,2),(561,48,3),(562,358,6),(562,521,7),(562,734,9),(563,232,1),(563,487,5),(564,380,4),(564,673,5),(564,847,2),(565,287,10),(567,135,8),(567,339,9),(567,563,1),(567,702,5),(568,215,10),(568,325,8),(570,288,9),(573,118,10),(574,182,6),(574,300,7),(575,123,3),(575,367,7),(575,678,1),(576,875,8),(577,453,10),(577,683,6),(577,889,1),(580,238,5),(583,849,8),(584,208,7),(585,155,5),(586,840,4),(587,373,7),(588,147,5),(589,37,5),(591,388,6),(594,640,5),(594,694,6),(596,350,1),(597,575,2),(598,348,9),(598,711,10),(599,788,8),(600,65,2),(601,51,1),(601,198,2),(601,723,6),(602,242,4),(602,717,7),(605,167,8),(606,753,1),(607,809,9),(608,75,7),(608,193,3),(609,70,9),(610,60,4),(610,482,5),(612,53,4),(612,157,8),(613,303,8),(613,431,2),(614,493,8),(615,363,1),(619,200,2),(620,242,2),(620,742,1),(622,116,4),(623,858,8),(624,848,4),(626,19,9),(628,183,9),(629,128,7),(631,397,10),(631,728,2),(632,480,1),(634,534,2),(637,74,7),(640,331,4),(641,423,8),(643,199,1),(645,222,10),(648,521,4),(648,550,1),(648,959,8),(649,866,1),(650,393,2),(651,651,8),(652,711,5),(653,957,4),(655,57,7),(655,258,3),(655,401,4),(656,319,5),(659,254,8),(660,115,6),(661,750,7),(662,703,5),(664,65,9),(665,231,6),(666,42,9),(666,861,6),(668,165,2),(669,757,6),(670,50,5),(670,591,7),(671,157,8),(671,436,6),(671,438,3),(672,497,7),(672,718,8),(673,101,2),(673,202,5),(673,531,7),(675,366,8),(675,579,1),(675,796,9),(676,329,5),(676,479,1),(677,872,3),(677,969,4),(679,363,1),(681,534,9),(681,930,6),(682,701,7),(683,687,5),(685,454,8),(686,13,3),(687,417,9),(687,508,7),(688,365,2),(689,225,2),(690,311,1),(692,360,7),(693,207,8),(693,775,1),(696,563,8),(697,84,5),(699,291,7),(699,728,10),(701,940,3),(703,585,6),(704,798,4),(705,804,5),(706,414,7),(707,89,10),(707,698,9),(708,190,2),(709,373,4),(710,83,5),(711,68,9),(711,280,3),(711,342,5),(712,143,5),(712,182,6),(712,358,9),(714,43,7),(716,309,10),(716,484,4),(717,420,10),(717,720,6),(718,86,8),(719,936,9),(720,374,5),(723,768,3),(726,317,9),(726,333,5),(728,502,6),(728,891,6),(729,468,2),(729,752,3),(731,113,2),(732,140,1),(732,706,9),(733,816,5),(736,390,4),(737,459,4),(738,665,3),(738,668,8),(738,954,1),(740,970,5),(741,714,5),(743,771,4),(744,288,4),(744,763,10),(745,110,10),(747,67,4),(747,506,3),(747,663,1),(748,682,4),(748,932,2),(749,147,5),(749,238,8),(749,478,7),(750,233,3),(751,450,5),(751,890,2),(753,218,2),(757,44,1),(757,472,3),(758,896,3),(758,957,8),(759,530,5),(760,725,8),(763,532,9),(763,611,6),(766,119,7),(766,356,1),(766,606,6),(766,825,6),(767,406,7),(767,884,6),(768,80,3),(768,369,5),(770,60,4),(771,119,7),(771,829,4),(774,387,6),(775,624,6),(776,86,2),(776,685,3),(777,161,6),(777,909,9),(780,93,6),(784,200,1),(785,397,9),(786,255,6),(786,530,8),(787,588,10),(788,828,8),(789,463,7),(790,228,10),(790,541,10),(790,663,2),(793,57,6),(793,745,9),(793,816,7),(793,836,1),(793,918,2),(794,141,10),(794,193,1),(794,437,5),(796,74,9),(796,702,7),(798,849,5),(799,290,5),(802,426,1),(804,14,1),(806,398,5),(806,759,7),(807,83,9),(812,120,4),(812,592,1),(818,41,10),(818,75,9),(820,169,10),(821,30,7),(821,252,10),(821,745,6),(822,260,4),(823,406,1),(824,51,4),(826,14,5),(826,173,7),(827,37,5),(827,547,4),(828,84,8),(829,762,4),(831,373,9),(832,911,8),(833,663,4),(834,318,9),(834,859,3),(835,499,3),(836,209,9),(837,780,7),(838,338,9),(838,493,3),(838,911,2),(839,54,6),(839,97,7),(839,381,6),(840,6,4),(841,832,8),(843,721,2),(844,402,5),(845,940,1),(848,920,10),(850,230,1),(850,945,9),(851,861,2),(853,763,10),(853,948,3),(855,424,2),(857,459,2),(858,548,7),(863,369,2),(864,686,4),(864,708,7),(866,847,8),(867,172,7),(868,539,8),(868,833,9),(869,38,3),(871,681,2),(872,667,7),(874,196,8),(874,302,8),(877,561,3),(880,20,6),(880,587,7),(880,765,8),(883,732,7),(883,764,3),(885,87,2),(885,687,4),(885,771,7),(887,478,8),(888,641,3),(888,682,4),(889,362,1),(889,719,3),(892,76,8),(892,680,9),(893,764,4),(895,422,3),(896,254,2),(898,214,6),(898,649,3),(898,899,10),(901,378,5),(901,685,3),(901,826,6),(902,479,5),(902,546,9),(904,9,9),(904,763,1),(904,844,5),(904,847,4),(905,124,9),(905,912,2),(907,127,1),(907,348,3),(908,355,1),(909,201,6),(909,379,3),(909,709,3),(909,854,9),(909,856,2),(912,480,3),(915,329,4),(915,857,1),(916,790,1),(917,124,10),(917,209,5),(917,581,9),(918,696,6),(918,768,3),(921,318,2),(921,649,9),(923,422,1),(924,526,7),(924,956,2),(925,617,7),(926,613,2),(927,308,7),(929,128,7),(930,159,5),(932,580,5),(933,459,1),(933,762,6),(935,685,6),(935,885,9),(937,104,6),(937,193,1),(938,340,4),(938,547,2),(938,565,4),(938,889,4),(940,256,2),(940,386,9),(940,953,8),(941,299,10),(942,613,10),(944,369,1),(947,331,6),(948,554,6),(948,964,7),(950,731,10),(951,427,1),(952,128,8),(952,738,8),(955,271,2),(955,297,10),(956,297,8),(956,662,1),(958,214,4),(958,455,8),(959,129,7),(959,305,1),(960,250,9),(960,401,9),(962,75,7),(962,361,9),(962,439,2),(962,815,4),(963,471,6),(965,934,4),(966,736,6),(967,117,8),(967,484,7),(969,99,1),(969,272,1),(969,356,10),(969,495,7),(969,732,8),(972,671,3),(974,136,10),(976,569,1),(977,643,4),(981,111,2),(981,660,2),(982,935,7),(984,653,6),(984,772,5),(985,725,2),(985,775,9),(985,951,6),(986,386,6),(986,773,1),(990,877,4),(993,313,1),(993,375,7),(994,566,7),(996,352,8),(996,564,5),(997,292,3),(997,347,4),(1000,156,5),(1000,442,7);
/*!40000 ALTER TABLE `purchase_drug` ENABLE KEYS */;
UNLOCK TABLES;
/*!40103 SET TIME_ZONE=@OLD_TIME_ZONE */;

/*!40101 SET SQL_MODE=@OLD_SQL_MODE */;
/*!40014 SET FOREIGN_KEY_CHECKS=@OLD_FOREIGN_KEY_CHECKS */;
/*!40014 SET UNIQUE_CHECKS=@OLD_UNIQUE_CHECKS */;
/*!40101 SET CHARACTER_SET_CLIENT=@OLD_CHARACTER_SET_CLIENT */;
/*!40101 SET CHARACTER_SET_RESULTS=@OLD_CHARACTER_SET_RESULTS */;
/*!40101 SET COLLATION_CONNECTION=@OLD_COLLATION_CONNECTION */;
/*!40111 SET SQL_NOTES=@OLD_SQL_NOTES */;

-- Dump completed on 2025-05-21 23:31:32
